CHROM,START,END,MOTIF,STRAND,PVALUE,TE,family_id,class_id
chr10,44245767,44245781,MA1587.1,+,3.51e-09,L1PB4,L1,LINE
chr10,44245767,44245781,MA1587.1,+,3.51e-09,L1PB4,L1,LINE
chr11,60234041,60234055,MA1587.1,+,5.44e-09,SVA_A,SVA_A,SVA
chr12,114043650,114043664,MA1587.1,-,5.44e-09,SVA_A,SVA_A,SVA
chr1,116211805,116211819,MA1587.1,-,5.44e-09,SVA_A,SVA_A,SVA
chr18,88007994,88008008,MA1587.1,+,7.78e-09,MLT1D,ERVL-MaLR,LTR
chr1,221495688,221495702,MA1587.1,+,7.78e-09,MIR,MIR,SINE
chr5,130546938,130546952,MA1587.1,-,1.73e-08,L1PA13,L1,LINE
chr4,159355570,159355584,MA1587.1,-,1.92e-08,L2b,L2,LINE
chr17,69625036,69625050,MA1587.1,+,3.03e-08,MIR3,MIR,SINE
chr4,12058326,12058340,MA1587.1,+,3.88e-08,L2a,L2,LINE
chr7,13661372,13661386,MA1587.1,-,3.88e-08,L2b,L2,LINE
chr1,22767010,22767024,MA1587.1,-,3.88e-08,MER21C,ERVL,LTR
chr12,33585042,33585056,MA1587.1,+,3.88e-08,L2a,L2,LINE
chr7,47126854,47126868,MA1587.1,+,3.88e-08,MIRc,MIR,SINE
chr14,77149236,77149250,MA1587.1,+,3.88e-08,L2b,L2,LINE
chr7,78137884,78137898,MA1587.1,-,3.88e-08,MER21C,ERVL,LTR
chr1,89682506,89682520,MA1587.1,+,3.88e-08,MER21C,ERVL,LTR
chr8,103375914,103375928,MA1587.1,-,3.88e-08,LTR90B,LTR,LTR
chrX,129140927,129140941,MA1587.1,-,3.88e-08,L2b,L2,LINE
chr3,145740334,145740348,MA1587.1,+,3.88e-08,L2a,L2,LINE
chr1,199509172,199509186,MA1587.1,-,3.88e-08,L2b,L2,LINE
chr15,89888726,89888740,MA1587.1,-,4.12e-08,HERVL74-int,ERVL,LTR
chr2b_random,6815147,6815161,MA1587.1,+,4.4e-08,MER5A1,hAT-Charlie,DNA
chr1,6926704,6926718,MA1587.1,+,4.4e-08,MER5A,hAT-Charlie,DNA
chr14,27493974,27493988,MA1587.1,-,4.4e-08,L2c,L2,LINE
chr2a,32032762,32032776,MA1587.1,+,4.4e-08,MER5A,hAT-Charlie,DNA
chr20,35216833,35216847,MA1587.1,-,4.4e-08,MIR,MIR,SINE
chr10,48774478,48774492,MA1587.1,+,4.4e-08,L2,L2,LINE
chr9,49406584,49406598,MA1587.1,-,4.4e-08,L2c,L2,LINE
chr9,49410422,49410436,MA1587.1,-,4.4e-08,L2c,L2,LINE
chr2b,74423768,74423782,MA1587.1,-,4.4e-08,MER5A1,hAT-Charlie,DNA
chr3,98099230,98099244,MA1587.1,-,4.4e-08,L2c,L2,LINE
chr2b,104429777,104429791,MA1587.1,+,4.4e-08,L2a,L2,LINE
chr5,122854007,122854021,MA1587.1,+,4.4e-08,L1PA15,L1,LINE
chr6,170719900,170719914,MA1587.1,-,4.4e-08,ERVL-E-int,ERVL,LTR
chr1,96386288,96386302,MA1587.1,+,4.56e-08,L2a,L2,LINE
chr17,28819657,28819671,MA1587.1,+,4.95e-08,L2c,L2,LINE
chr19,34238907,34238921,MA1587.1,-,5.53e-08,MIR3,MIR,SINE
chr3,50272636,50272650,MA1587.1,+,5.53e-08,MER89,ERV1,LTR
chr14,53045200,53045214,MA1587.1,-,5.53e-08,MER65A,ERV1,LTR
chr10,122066328,122066342,MA1587.1,+,6.01e-08,MIR3,MIR,SINE
chr20,12257281,12257295,MA1587.1,-,6.49e-08,HAL1,L1,LINE
chr4,50341175,50341189,MA1587.1,+,6.72e-08,HERV9-int,ERV1,LTR
chr3,103964919,103964933,MA1587.1,-,6.72e-08,L2,L2,LINE
chr13,108297798,108297812,MA1587.1,-,6.72e-08,MIRc,MIR,SINE
chr7,27660681,27660695,MA1587.1,-,7.19e-08,MER21B,ERVL,LTR
chr1,174114003,174114017,MA1587.1,-,7.38e-08,MIRb,MIR,SINE
chr2b,52724007,52724021,MA1587.1,+,9.5e-08,HERV16-int,ERVL,LTR
chr4,57446892,57446906,MA1587.1,+,9.5e-08,MER4B,ERV1,LTR
chr4,4571251,4571265,MA1587.1,-,9.74e-08,MIR3,MIR,SINE
chr4_random,5849131,5849145,MA1587.1,+,9.74e-08,MIR3,MIR,SINE
chr7,51689845,51689859,MA1587.1,+,9.74e-08,MER21C,ERVL,LTR
chr7,61924617,61924631,MA1587.1,-,9.74e-08,LTR33,ERVL,LTR
chr3,84530713,84530727,MA1587.1,+,9.74e-08,AluJb,Alu,SINE
chr2a,91296136,91296150,MA1587.1,-,9.74e-08,L2,L2,LINE
chr5,94782207,94782221,MA1587.1,+,9.74e-08,MER21C,ERVL,LTR
chr4,111301349,111301363,MA1587.1,-,9.74e-08,MLT1K,ERVL-MaLR,LTR
chr12,119888108,119888122,MA1587.1,+,9.74e-08,L2a,L2,LINE
chr6,142455184,142455198,MA1587.1,+,9.74e-08,L2a,L2,LINE
chr7,156438319,156438333,MA1587.1,+,9.74e-08,L1PA16,L1,LINE
chr1,188684414,188684428,MA1587.1,+,9.74e-08,MIRb,MIR,SINE
chr19,17629335,17629349,MA1587.1,-,1.03e-07,L2b,L2,LINE
chr8,84388239,84388253,MA1587.1,-,1.03e-07,L1M4c,L1,LINE
chr13,26034441,26034455,MA1587.1,-,1.05e-07,L2a,L2,LINE
chr5,175080802,175080816,MA1587.1,-,1.05e-07,L1MDa,L1,LINE
chr1,113029371,113029385,MA1587.1,-,1.07e-07,L2c,L2,LINE
chr6,22999322,22999336,MA1587.1,+,1.1e-07,L2b,L2,LINE
chr16,29099763,29099777,MA1587.1,+,1.1e-07,L4,RTE,LINE
chr11,88131495,88131509,MA1587.1,-,1.1e-07,L2c,L2,LINE
chr11,106436806,106436820,MA1587.1,+,1.1e-07,MIRb,MIR,SINE
chr9,128542342,128542356,MA1587.1,+,1.1e-07,L2a,L2,LINE
chr1,77578,77592,MA1587.1,+,1.11e-07,SVA_A,SVA_A,SVA
chr19,468544,468558,MA1587.1,-,1.11e-07,SVA_A,SVA_A,SVA
chr9_random,3735429,3735443,MA1587.1,-,1.11e-07,SVA_A,SVA_A,SVA
chr19_random,6831828,6831842,MA1587.1,+,1.11e-07,SVA_A,SVA_A,SVA
chr8_random,8397599,8397613,MA1587.1,-,1.11e-07,SVA_A,SVA_A,SVA
chr22,15066332,15066346,MA1587.1,-,1.11e-07,SVA_A,SVA_A,SVA
chr6,28446464,28446478,MA1587.1,-,1.11e-07,SVA_A,SVA_A,SVA
chr9,79542802,79542816,MA1587.1,-,1.11e-07,SVA_A,SVA_A,SVA
chr12,83578415,83578429,MA1587.1,-,1.11e-07,SVA_A,SVA_A,SVA
chr3,103831070,103831084,MA1587.1,+,1.11e-07,SVA_A,SVA_A,SVA
chr3,103840443,103840457,MA1587.1,+,1.11e-07,SVA_A,SVA_A,SVA
chr3,103841390,103841404,MA1587.1,+,1.11e-07,SVA_A,SVA_A,SVA
chr6,128362736,128362750,MA1587.1,-,1.11e-07,SVA_A,SVA_A,SVA
chr6,128363830,128363844,MA1587.1,-,1.11e-07,SVA_A,SVA_A,SVA
chr6,154693284,154693298,MA1587.1,-,1.11e-07,SVA_A,SVA_A,SVA
chrUn,10909953,10909967,MA1587.1,-,1.17e-07,SVA_A,SVA_A,SVA
chr10_random,16237181,16237195,MA1587.1,+,1.17e-07,L2a,L2,LINE
chr8,27974746,27974760,MA1587.1,-,1.17e-07,SVA_A,SVA_A,SVA
chr18,56607835,56607849,MA1587.1,+,1.17e-07,MER110,ERV1,LTR
chrX,108546680,108546694,MA1587.1,+,1.17e-07,MSTB1-int,ERVL-MaLR,LTR
chr10,111155842,111155856,MA1587.1,-,1.17e-07,L2a,L2,LINE
chr3,151336961,151336975,MA1587.1,+,1.17e-07,SVA_A,SVA_A,SVA
chr5,167846322,167846336,MA1587.1,+,1.17e-07,LTR16C,ERVL,LTR
chrX,50118055,50118069,MA1587.1,+,1.19e-07,HERV15-int,ERV1,LTR
chr1_random,16836080,16836094,MA1587.1,+,1.2e-07,MLT1C,ERVL-MaLR,LTR
chr7,36275403,36275417,MA1587.1,+,1.2e-07,SVA_A,SVA_A,SVA
chr4,90525825,90525839,MA1587.1,-,1.2e-07,L2c,L2,LINE
chr12,134027524,134027538,MA1587.1,-,1.2e-07,L2b,L2,LINE
chr5,145393560,145393574,MA1587.1,-,1.2e-07,MIR3,MIR,SINE
chr12,6940639,6940653,MA1587.1,+,1.24e-07,SVA_A,SVA_A,SVA
chr10,9088835,9088849,MA1587.1,-,1.24e-07,L2a,L2,LINE
chr12,33807514,33807528,MA1587.1,+,1.24e-07,L2c,L2,LINE
chr18,44624077,44624091,MA1587.1,+,1.24e-07,L2c,L2,LINE
chr4,114409509,114409523,MA1587.1,-,1.24e-07,L2,L2,LINE
chr1,139756969,139756983,MA1587.1,+,1.24e-07,L2,L2,LINE
chr1,160014410,160014424,MA1587.1,-,1.24e-07,L1MEf,L1,LINE
chr1,160019185,160019199,MA1587.1,-,1.24e-07,L1MEf,L1,LINE
chr6_qbl_hap2_random,13886,13900,MA1587.1,+,1.25e-07,SVA_A,SVA_A,SVA
chr20,326170,326184,MA1587.1,+,1.25e-07,SVA_A,SVA_A,SVA
chr20,485783,485797,MA1587.1,-,1.25e-07,SVA_A,SVA_A,SVA
chr7_random,641190,641204,MA1587.1,-,1.25e-07,SVA_A,SVA_A,SVA
chr19_random,789377,789391,MA1587.1,-,1.25e-07,SVA_A,SVA_A,SVA
chr6_random,803355,803369,MA1587.1,+,1.25e-07,SVA_A,SVA_A,SVA
chr12,1054873,1054887,MA1587.1,-,1.25e-07,SVA_B,SVA_B,SVA
chr5_random,1544473,1544487,MA1587.1,+,1.25e-07,SVA_A,SVA_A,SVA
chr5,1628083,1628097,MA1587.1,-,1.25e-07,SVA_A,SVA_A,SVA
chr2a_random,1803247,1803261,MA1587.1,-,1.25e-07,SVA_A,SVA_A,SVA
chr15_random,1926794,1926808,MA1587.1,-,1.25e-07,SVA_A,SVA_A,SVA
chr2b_random,2038433,2038447,MA1587.1,+,1.25e-07,SVA_A,SVA_A,SVA
chr3,2082058,2082072,MA1587.1,+,1.25e-07,SVA_A,SVA_A,SVA
chr17,2113015,2113029,MA1587.1,+,1.25e-07,SVA_A,SVA_A,SVA
chr2b_random,2113967,2113981,MA1587.1,-,1.25e-07,SVA_A,SVA_A,SVA
chr17_random,2226532,2226546,MA1587.1,+,1.25e-07,SVA_A,SVA_A,SVA
chr3,2296099,2296113,MA1587.1,+,1.25e-07,SVA_A,SVA_A,SVA
chr5_random,2333431,2333445,MA1587.1,+,1.25e-07,SVA_A,SVA_A,SVA
chr6_random,2356090,2356104,MA1587.1,-,1.25e-07,SVA_A,SVA_A,SVA
chr14_random,2490350,2490364,MA1587.1,-,1.25e-07,SVA_A,SVA_A,SVA
chr6_random,2709234,2709248,MA1587.1,+,1.25e-07,SVA_A,SVA_A,SVA
chr17,2984972,2984986,MA1587.1,-,1.25e-07,SVA_A,SVA_A,SVA
chr1_random,3029207,3029221,MA1587.1,-,1.25e-07,SVA_A,SVA_A,SVA
chr9_random,3148693,3148707,MA1587.1,+,1.25e-07,SVA_A,SVA_A,SVA
chr1,3186221,3186235,MA1587.1,-,1.25e-07,SVA_A,SVA_A,SVA
chr1,3189164,3189178,MA1587.1,-,1.25e-07,SVA_A,SVA_A,SVA
chr17,3278878,3278892,MA1587.1,+,1.25e-07,SVA_A,SVA_A,SVA
chr4,3333729,3333743,MA1587.1,+,1.25e-07,SVA_A,SVA_A,SVA
chr9_random,3349458,3349472,MA1587.1,+,1.25e-07,SVA_A,SVA_A,SVA
chr19_random,3428671,3428685,MA1587.1,+,1.25e-07,SVA_A,SVA_A,SVA
chr16,3482938,3482952,MA1587.1,+,1.25e-07,SVA_A,SVA_A,SVA
chr5_random,3487907,3487921,MA1587.1,+,1.25e-07,SVA_A,SVA_A,SVA
chr22_random,3553506,3553520,MA1587.1,+,1.25e-07,SVA_A,SVA_A,SVA
chr22_random,3554613,3554627,MA1587.1,+,1.25e-07,SVA_A,SVA_A,SVA
chr3,3576473,3576487,MA1587.1,-,1.25e-07,SVA_A,SVA_A,SVA
chr19_random,3691641,3691655,MA1587.1,+,1.25e-07,SVA_A,SVA_A,SVA
chr11_random,3829992,3830006,MA1587.1,+,1.25e-07,SVA_A,SVA_A,SVA
chr2a_random,3889198,3889212,MA1587.1,-,1.25e-07,SVA_A,SVA_A,SVA
chr12,3999044,3999058,MA1587.1,+,1.25e-07,SVA_A,SVA_A,SVA
chr12,4000072,4000086,MA1587.1,+,1.25e-07,SVA_A,SVA_A,SVA
chr20_random,4062889,4062903,MA1587.1,+,1.25e-07,SVA_A,SVA_A,SVA
chr7_random,4099077,4099091,MA1587.1,-,1.25e-07,SVA_A,SVA_A,SVA
chr6_random,4109961,4109975,MA1587.1,-,1.25e-07,SVA_A,SVA_A,SVA
chrUn,4146536,4146550,MA1587.1,+,1.25e-07,SVA_A,SVA_A,SVA
chr5,4266628,4266642,MA1587.1,+,1.25e-07,SVA_A,SVA_A,SVA
chr2a,4359730,4359744,MA1587.1,+,1.25e-07,SVA_A,SVA_A,SVA
chr13_random,4367765,4367779,MA1587.1,+,1.25e-07,SVA_A,SVA_A,SVA
chr5_random,4393572,4393586,MA1587.1,-,1.25e-07,SVA_A,SVA_A,SVA
chr12,4685639,4685653,MA1587.1,+,1.25e-07,SVA_A,SVA_A,SVA
chr1_random,4696294,4696308,MA1587.1,+,1.25e-07,SVA_A,SVA_A,SVA
chr7_random,4842905,4842919,MA1587.1,-,1.25e-07,SVA_A,SVA_A,SVA
chr17,5005174,5005188,MA1587.1,-,1.25e-07,SVA_A,SVA_A,SVA
chr15_random,5006627,5006641,MA1587.1,+,1.25e-07,SVA_A,SVA_A,SVA
chr17_random,5054656,5054670,MA1587.1,-,1.25e-07,SVA_A,SVA_A,SVA
chr19_random,5108986,5109000,MA1587.1,-,1.25e-07,SVA_A,SVA_A,SVA
chr17,5161313,5161327,MA1587.1,+,1.25e-07,SVA_A,SVA_A,SVA
chr18_random,5299103,5299117,MA1587.1,-,1.25e-07,SVA_A,SVA_A,SVA
chr17_random,5518832,5518846,MA1587.1,+,1.25e-07,SVA_A,SVA_A,SVA
chr2a,5834140,5834154,MA1587.1,+,1.25e-07,SVA_A,SVA_A,SVA
chr6,6063373,6063387,MA1587.1,-,1.25e-07,SVA_A,SVA_A,SVA
chr8,6086611,6086625,MA1587.1,+,1.25e-07,SVA_A,SVA_A,SVA
chr2a_random,6368012,6368026,MA1587.1,+,1.25e-07,SVA_A,SVA_A,SVA
chr2a_random,6431250,6431264,MA1587.1,-,1.25e-07,SVA_A,SVA_A,SVA
chr16,6443496,6443510,MA1587.1,-,1.25e-07,SVA_A,SVA_A,SVA
chr7_random,6476051,6476065,MA1587.1,+,1.25e-07,SVA_A,SVA_A,SVA
chr9_random,6489420,6489434,MA1587.1,+,1.25e-07,SVA_A,SVA_A,SVA
chr8,6540172,6540186,MA1587.1,+,1.25e-07,SVA_A,SVA_A,SVA
chr19_random,6616684,6616698,MA1587.1,-,1.25e-07,SVA_A,SVA_A,SVA
chr19,6713615,6713629,MA1587.1,-,1.25e-07,SVA_A,SVA_A,SVA
chr16_random,6811773,6811787,MA1587.1,+,1.25e-07,SVA_A,SVA_A,SVA
chr14_random,7046045,7046059,MA1587.1,-,1.25e-07,SVA_A,SVA_A,SVA
chr3,7077038,7077052,MA1587.1,-,1.25e-07,SVA_A,SVA_A,SVA
chr19_random,7159103,7159117,MA1587.1,+,1.25e-07,SVA_A,SVA_A,SVA
chr8_random,7256086,7256100,MA1587.1,+,1.25e-07,SVA_A,SVA_A,SVA
chr5_random,7312834,7312848,MA1587.1,+,1.25e-07,SVA_A,SVA_A,SVA
chr12_random,7631302,7631316,MA1587.1,-,1.25e-07,SVA_A,SVA_A,SVA
chr4_random,7684917,7684931,MA1587.1,+,1.25e-07,SVA_A,SVA_A,SVA
chr17_random,7703591,7703605,MA1587.1,+,1.25e-07,SVA_A,SVA_A,SVA
chr1_random,7784877,7784891,MA1587.1,-,1.25e-07,SVA_A,SVA_A,SVA
chr16_random,8049606,8049620,MA1587.1,-,1.25e-07,SVA_A,SVA_A,SVA
chr20,8068360,8068374,MA1587.1,+,1.25e-07,SVA_A,SVA_A,SVA
chr20,8079674,8079688,MA1587.1,-,1.25e-07,SVA_A,SVA_A,SVA
chr11,8224670,8224684,MA1587.1,-,1.25e-07,SVA_A,SVA_A,SVA
chr1_random,8280672,8280686,MA1587.1,-,1.25e-07,SVA_A,SVA_A,SVA
chr13_random,8345534,8345548,MA1587.1,-,1.25e-07,SVA_A,SVA_A,SVA
chr8_random,8444244,8444258,MA1587.1,+,1.25e-07,SVA_A,SVA_A,SVA
chr9_random,8713046,8713060,MA1587.1,-,1.25e-07,SVA_A,SVA_A,SVA
chr12,9130015,9130029,MA1587.1,-,1.25e-07,SVA_A,SVA_A,SVA
chr2a_random,9415173,9415187,MA1587.1,+,1.25e-07,SVA_A,SVA_A,SVA
chr16_random,9604604,9604618,MA1587.1,-,1.25e-07,SVA_A,SVA_A,SVA
chr7,9683098,9683112,MA1587.1,-,1.25e-07,SVA_A,SVA_A,SVA
chr3_random,9748595,9748609,MA1587.1,-,1.25e-07,SVA_A,SVA_A,SVA
chr6_random,9790601,9790615,MA1587.1,+,1.25e-07,SVA_A,SVA_A,SVA
chr19,10002796,10002810,MA1587.1,+,1.25e-07,SVA_A,SVA_A,SVA
chr19,10013080,10013094,MA1587.1,-,1.25e-07,SVA_A,SVA_A,SVA
chr2b_random,10106043,10106057,MA1587.1,-,1.25e-07,SVA_A,SVA_A,SVA
chr1_random,10216122,10216136,MA1587.1,+,1.25e-07,SVA_A,SVA_A,SVA
chr9_random,10242557,10242571,MA1587.1,-,1.25e-07,SVA_A,SVA_A,SVA
chr12,10357682,10357696,MA1587.1,+,1.25e-07,SVA_A,SVA_A,SVA
chr1_random,10370195,10370209,MA1587.1,-,1.25e-07,SVA_A,SVA_A,SVA
chr8,10474280,10474294,MA1587.1,-,1.25e-07,SVA_A,SVA_A,SVA
chr2a_random,10551582,10551596,MA1587.1,+,1.25e-07,SVA_A,SVA_A,SVA
chr9_random,10757783,10757797,MA1587.1,+,1.25e-07,SVA_A,SVA_A,SVA
chr1_random,10811276,10811290,MA1587.1,+,1.25e-07,SVA_A,SVA_A,SVA
chr10,10891710,10891724,MA1587.1,+,1.25e-07,SVA_A,SVA_A,SVA
chr1_random,11001456,11001470,MA1587.1,-,1.25e-07,SVA_A,SVA_A,SVA
chr12,11451297,11451311,MA1587.1,+,1.25e-07,SVA_A,SVA_A,SVA
chr1_random,11462653,11462667,MA1587.1,-,1.25e-07,SVA_A,SVA_A,SVA
chr3,11651559,11651573,MA1587.1,+,1.25e-07,SVA_A,SVA_A,SVA
chr17_random,12239734,12239748,MA1587.1,+,1.25e-07,SVA_A,SVA_A,SVA
chr3,12476711,12476725,MA1587.1,+,1.25e-07,SVA_A,SVA_A,SVA
chr1_random,12589198,12589212,MA1587.1,-,1.25e-07,SVA_A,SVA_A,SVA
chr19,12735770,12735784,MA1587.1,+,1.25e-07,SVA_A,SVA_A,SVA
chr6_random,12886256,12886270,MA1587.1,-,1.25e-07,SVA_A,SVA_A,SVA
chr2b_random,12895247,12895261,MA1587.1,-,1.25e-07,SVA_A,SVA_A,SVA
chr2a_random,12922452,12922466,MA1587.1,+,1.25e-07,SVA_A,SVA_A,SVA
chr7_random,13139091,13139105,MA1587.1,+,1.25e-07,SVA_A,SVA_A,SVA
chr2b,13267836,13267850,MA1587.1,+,1.25e-07,SVA_A,SVA_A,SVA
chr20,13393741,13393755,MA1587.1,-,1.25e-07,SVA_A,SVA_A,SVA
chr8_random,13401669,13401683,MA1587.1,+,1.25e-07,SVA_A,SVA_A,SVA
chrUn,13598676,13598690,MA1587.1,-,1.25e-07,SVA_A,SVA_A,SVA
chr1,13652873,13652887,MA1587.1,+,1.25e-07,SVA_A,SVA_A,SVA
chr1,13653685,13653699,MA1587.1,+,1.25e-07,SVA_A,SVA_A,SVA
chr5_random,13883050,13883064,MA1587.1,-,1.25e-07,SVA_A,SVA_A,SVA
chr11,13923429,13923443,MA1587.1,+,1.25e-07,SVA_A,SVA_A,SVA
chr5_random,13934875,13934889,MA1587.1,+,1.25e-07,SVA_A,SVA_A,SVA
chr19,13941832,13941846,MA1587.1,-,1.25e-07,SVA_A,SVA_A,SVA
chr4_random,13967111,13967125,MA1587.1,+,1.25e-07,SVA_A,SVA_A,SVA
chr3_random,14187224,14187238,MA1587.1,-,1.25e-07,SVA_A,SVA_A,SVA
chr3_random,14193041,14193055,MA1587.1,-,1.25e-07,SVA_A,SVA_A,SVA
chr17_random,14470932,14470946,MA1587.1,-,1.25e-07,SVA_A,SVA_A,SVA
chr1,14548301,14548315,MA1587.1,+,1.25e-07,SVA_A,SVA_A,SVA
chr1_random,14851563,14851577,MA1587.1,+,1.25e-07,SVA_A,SVA_A,SVA
chr1_random,15364684,15364698,MA1587.1,-,1.25e-07,SVA_A,SVA_A,SVA
chrUn,15369503,15369517,MA1587.1,-,1.25e-07,SVA_A,SVA_A,SVA
chr3_random,15525602,15525616,MA1587.1,-,1.25e-07,SVA_A,SVA_A,SVA
chr7,15838017,15838031,MA1587.1,-,1.25e-07,SVA_A,SVA_A,SVA
chr4,15894874,15894888,MA1587.1,-,1.25e-07,SVA_A,SVA_A,SVA
chr12,16079583,16079597,MA1587.1,-,1.25e-07,SVA_A,SVA_A,SVA
chr1_random,16083913,16083927,MA1587.1,-,1.25e-07,SVA_A,SVA_A,SVA
chr20,16119864,16119878,MA1587.1,+,1.25e-07,SVA_A,SVA_A,SVA
chr1_random,16460434,16460448,MA1587.1,-,1.25e-07,SVA_A,SVA_A,SVA
chr10,16499522,16499536,MA1587.1,+,1.25e-07,SVA_A,SVA_A,SVA
chr3_random,16529655,16529669,MA1587.1,+,1.25e-07,SVA_A,SVA_A,SVA
chr17,16636844,16636858,MA1587.1,-,1.25e-07,SVA_A,SVA_A,SVA
chr10,16725932,16725946,MA1587.1,+,1.25e-07,SVA_A,SVA_A,SVA
chr11,17345352,17345366,MA1587.1,+,1.25e-07,SVA_A,SVA_A,SVA
chr19,17691354,17691368,MA1587.1,-,1.25e-07,SVA_A,SVA_A,SVA
chr11,17776321,17776335,MA1587.1,+,1.25e-07,SVA_A,SVA_A,SVA
chr19,17777304,17777318,MA1587.1,-,1.25e-07,SVA_A,SVA_A,SVA
chr20,17902901,17902915,MA1587.1,-,1.25e-07,SVA_A,SVA_A,SVA
chr20,17903809,17903823,MA1587.1,-,1.25e-07,SVA_A,SVA_A,SVA
chr1_random,18358045,18358059,MA1587.1,+,1.25e-07,SVA_A,SVA_A,SVA
chr17,18420819,18420833,MA1587.1,+,1.25e-07,SVA_A,SVA_A,SVA
chr1_random,18603298,18603312,MA1587.1,+,1.25e-07,SVA_A,SVA_A,SVA
chr14,18634159,18634173,MA1587.1,-,1.25e-07,SVA_A,SVA_A,SVA
chr10,18707711,18707725,MA1587.1,-,1.25e-07,SVA_A,SVA_A,SVA
chr22,18968752,18968766,MA1587.1,-,1.25e-07,SVA_A,SVA_A,SVA
chr22,19020287,19020301,MA1587.1,-,1.25e-07,SVA_A,SVA_A,SVA
chr14,19637888,19637902,MA1587.1,+,1.25e-07,SVA_A,SVA_A,SVA
chr3_random,19817032,19817046,MA1587.1,+,1.25e-07,SVA_A,SVA_A,SVA
chr3,20395326,20395340,MA1587.1,-,1.25e-07,SVA_A,SVA_A,SVA
chrX,20407321,20407335,MA1587.1,+,1.25e-07,SVA_A,SVA_A,SVA
chr3,20536377,20536391,MA1587.1,-,1.25e-07,SVA_A,SVA_A,SVA
chr19,21341778,21341792,MA1587.1,-,1.25e-07,SVA_A,SVA_A,SVA
chr7,21389243,21389257,MA1587.1,-,1.25e-07,SVA_A,SVA_A,SVA
chr11,21628436,21628450,MA1587.1,+,1.25e-07,SVA_A,SVA_A,SVA
chr1,21734692,21734706,MA1587.1,-,1.25e-07,SVA_A,SVA_A,SVA
chr19,21879849,21879863,MA1587.1,+,1.25e-07,SVA_A,SVA_A,SVA
chr17,21927254,21927268,MA1587.1,-,1.25e-07,SVA_A,SVA_A,SVA
chr1,22692357,22692371,MA1587.1,+,1.25e-07,SVA_A,SVA_A,SVA
chr19,23491601,23491615,MA1587.1,-,1.25e-07,SVA_A,SVA_A,SVA
chr22,23660207,23660221,MA1587.1,+,1.25e-07,SVA_A,SVA_A,SVA
chr2a,23684061,23684075,MA1587.1,-,1.25e-07,SVA_A,SVA_A,SVA
chr2a,23685556,23685570,MA1587.1,-,1.25e-07,SVA_A,SVA_A,SVA
chr2a,24044270,24044284,MA1587.1,-,1.25e-07,SVA_A,SVA_A,SVA
chr2a,24045488,24045502,MA1587.1,-,1.25e-07,SVA_A,SVA_A,SVA
chr17,24067160,24067174,MA1587.1,+,1.25e-07,SVA_A,SVA_A,SVA
chr1,24382910,24382924,MA1587.1,-,1.25e-07,SVA_A,SVA_A,SVA
chr13,24611311,24611325,MA1587.1,+,1.25e-07,SVA_A,SVA_A,SVA
chrUn,24616804,24616818,MA1587.1,-,1.25e-07,SVA_A,SVA_A,SVA
chr16,24646716,24646730,MA1587.1,-,1.25e-07,SVA_A,SVA_A,SVA
chr1,25062014,25062028,MA1587.1,+,1.25e-07,SVA_A,SVA_A,SVA
chr17,25417065,25417079,MA1587.1,-,1.25e-07,SVA_A,SVA_A,SVA
chr1_random,25596174,25596188,MA1587.1,-,1.25e-07,SVA_A,SVA_A,SVA
chr3,25601956,25601970,MA1587.1,+,1.25e-07,SVA_A,SVA_A,SVA
chr17,25856761,25856775,MA1587.1,+,1.25e-07,SVA_A,SVA_A,SVA
chr10_random,25940721,25940735,MA1587.1,-,1.25e-07,SVA_A,SVA_A,SVA
chr17,26008320,26008334,MA1587.1,+,1.25e-07,SVA_A,SVA_A,SVA
chrUn,26119656,26119670,MA1587.1,+,1.25e-07,SVA_A,SVA_A,SVA
chr6,26480666,26480680,MA1587.1,-,1.25e-07,SVA_A,SVA_A,SVA
chr9,26740537,26740551,MA1587.1,-,1.25e-07,SVA_A,SVA_A,SVA
chr9,27396015,27396029,MA1587.1,-,1.25e-07,SVA_A,SVA_A,SVA
chr18,28064205,28064219,MA1587.1,-,1.25e-07,SVA_A,SVA_A,SVA
chr10,28304351,28304365,MA1587.1,-,1.25e-07,SVA_A,SVA_A,SVA
chr6,28377107,28377121,MA1587.1,+,1.25e-07,SVA_B,SVA_B,SVA
chr1,28413994,28414008,MA1587.1,-,1.25e-07,SVA_A,SVA_A,SVA
chr18,28506267,28506281,MA1587.1,-,1.25e-07,SVA_A,SVA_A,SVA
chrUn,28680610,28680624,MA1587.1,-,1.25e-07,SVA_A,SVA_A,SVA
chr20,28928835,28928849,MA1587.1,+,1.25e-07,SVA_A,SVA_A,SVA
chr17,29160333,29160347,MA1587.1,+,1.25e-07,SVA_A,SVA_A,SVA
chr16,29347662,29347676,MA1587.1,-,1.25e-07,SVA_A,SVA_A,SVA
chrX,29811680,29811694,MA1587.1,-,1.25e-07,SVA_A,SVA_A,SVA
chr18,29834171,29834185,MA1587.1,+,1.25e-07,SVA_A,SVA_A,SVA
chr17,29896151,29896165,MA1587.1,-,1.25e-07,SVA_A,SVA_A,SVA
chr17,29897674,29897688,MA1587.1,-,1.25e-07,SVA_A,SVA_A,SVA
chr16,29898782,29898796,MA1587.1,+,1.25e-07,SVA_A,SVA_A,SVA
chr17,29975142,29975156,MA1587.1,-,1.25e-07,SVA_A,SVA_A,SVA
chr17,29980953,29980967,MA1587.1,-,1.25e-07,SVA_A,SVA_A,SVA
chr6,30205485,30205499,MA1587.1,+,1.25e-07,SVA_A,SVA_A,SVA
chr17,30398476,30398490,MA1587.1,-,1.25e-07,SVA_B,SVA_B,SVA
chr6,30436519,30436533,MA1587.1,+,1.25e-07,SVA_A,SVA_A,SVA
chr6,30683812,30683826,MA1587.1,-,1.25e-07,SVA_A,SVA_A,SVA
chr13,30860702,30860716,MA1587.1,-,1.25e-07,SVA_A,SVA_A,SVA
chr6,31075100,31075114,MA1587.1,+,1.25e-07,SVA_A,SVA_A,SVA
chr2a,31166381,31166395,MA1587.1,-,1.25e-07,SVA_A,SVA_A,SVA
chr1_random,31753821,31753835,MA1587.1,+,1.25e-07,SVA_A,SVA_A,SVA
chr13,32343296,32343310,MA1587.1,+,1.25e-07,SVA_A,SVA_A,SVA
chr22,32383509,32383523,MA1587.1,+,1.25e-07,SVA_A,SVA_A,SVA
chr13,32779105,32779119,MA1587.1,+,1.25e-07,SVA_A,SVA_A,SVA
chr3,32956934,32956948,MA1587.1,-,1.25e-07,SVA_A,SVA_A,SVA
chr10,33296876,33296890,MA1587.1,-,1.25e-07,SVA_A,SVA_A,SVA
chr19,33525747,33525761,MA1587.1,+,1.25e-07,SVA_A,SVA_A,SVA
chr19,33588464,33588478,MA1587.1,+,1.25e-07,SVA_A,SVA_A,SVA
chr19,33590101,33590115,MA1587.1,+,1.25e-07,SVA_A,SVA_A,SVA
chr17,33668354,33668368,MA1587.1,+,1.25e-07,SVA_A,SVA_A,SVA
chr5,33825900,33825914,MA1587.1,-,1.25e-07,SVA_A,SVA_A,SVA
chr19,34778746,34778760,MA1587.1,+,1.25e-07,SVA_A,SVA_A,SVA
chr16,34937593,34937607,MA1587.1,-,1.25e-07,SVA_A,SVA_A,SVA
chr22,35098988,35099002,MA1587.1,+,1.25e-07,SVA_A,SVA_A,SVA
chr14,35110001,35110015,MA1587.1,+,1.25e-07,SVA_A,SVA_A,SVA
chr14,35115684,35115698,MA1587.1,+,1.25e-07,SVA_A,SVA_A,SVA
chr14,35159348,35159362,MA1587.1,-,1.25e-07,SVA_A,SVA_A,SVA
chrUn,35550770,35550784,MA1587.1,-,1.25e-07,SVA_A,SVA_A,SVA
chr14,35578872,35578886,MA1587.1,-,1.25e-07,SVA_A,SVA_A,SVA
chr2a,35701366,35701380,MA1587.1,-,1.25e-07,SVA_A,SVA_A,SVA
chr2a,35964557,35964571,MA1587.1,-,1.25e-07,SVA_A,SVA_A,SVA
chr2a,36078174,36078188,MA1587.1,-,1.25e-07,SVA_A,SVA_A,SVA
chr20,36266334,36266348,MA1587.1,+,1.25e-07,SVA_A,SVA_A,SVA
chr10,36506193,36506207,MA1587.1,+,1.25e-07,SVA_A,SVA_A,SVA
chrUn,36902273,36902287,MA1587.1,-,1.25e-07,SVA_A,SVA_A,SVA
chr1,37288811,37288825,MA1587.1,+,1.25e-07,SVA_A,SVA_A,SVA
chr1,37330992,37331006,MA1587.1,-,1.25e-07,SVA_A,SVA_A,SVA
chr19,37574371,37574385,MA1587.1,+,1.25e-07,SVA_A,SVA_A,SVA
chr8,37581311,37581325,MA1587.1,+,1.25e-07,SVA_A,SVA_A,SVA
chrUn,37599241,37599255,MA1587.1,-,1.25e-07,SVA_A,SVA_A,SVA
chr1,37657524,37657538,MA1587.1,+,1.25e-07,SVA_A,SVA_A,SVA
chrUn,37662436,37662450,MA1587.1,-,1.25e-07,SVA_A,SVA_A,SVA
chrUn,37663021,37663035,MA1587.1,-,1.25e-07,SVA_A,SVA_A,SVA
chr11,37852171,37852185,MA1587.1,+,1.25e-07,SVA_A,SVA_A,SVA
chr10_random,38017953,38017967,MA1587.1,-,1.25e-07,SVA_A,SVA_A,SVA
chr2a,38130362,38130376,MA1587.1,-,1.25e-07,SVA_A,SVA_A,SVA
chr10_random,38204485,38204499,MA1587.1,+,1.25e-07,SVA_A,SVA_A,SVA
chr8,38431743,38431757,MA1587.1,-,1.25e-07,SVA_A,SVA_A,SVA
chr15,38501971,38501985,MA1587.1,+,1.25e-07,SVA_A,SVA_A,SVA
chr15,38595842,38595856,MA1587.1,+,1.25e-07,SVA_A,SVA_A,SVA
chr20,38852187,38852201,MA1587.1,-,1.25e-07,SVA_A,SVA_A,SVA
chr2b,38927842,38927856,MA1587.1,+,1.25e-07,SVA_A,SVA_A,SVA
chr12,39001273,39001287,MA1587.1,-,1.25e-07,SVA_A,SVA_A,SVA
chr15,39097416,39097430,MA1587.1,-,1.25e-07,SVA_A,SVA_A,SVA
chr8,39098221,39098235,MA1587.1,-,1.25e-07,SVA_A,SVA_A,SVA
chr4,39245003,39245017,MA1587.1,+,1.25e-07,SVA_A,SVA_A,SVA
chr15,39307097,39307111,MA1587.1,+,1.25e-07,SVA_A,SVA_A,SVA
chr8,39408997,39409011,MA1587.1,-,1.25e-07,SVA_A,SVA_A,SVA
chr15,39561055,39561069,MA1587.1,+,1.25e-07,SVA_A,SVA_A,SVA
chr22,39878829,39878843,MA1587.1,+,1.25e-07,SVA_A,SVA_A,SVA
chr7,40047074,40047088,MA1587.1,+,1.25e-07,SVA_A,SVA_A,SVA
chr22,40191421,40191435,MA1587.1,-,1.25e-07,SVA_A,SVA_A,SVA
chr15,40288040,40288054,MA1587.1,-,1.25e-07,SVA_A,SVA_A,SVA
chr2a,40391949,40391963,MA1587.1,-,1.25e-07,SVA_A,SVA_A,SVA
chr19,40463069,40463083,MA1587.1,-,1.25e-07,SVA_A,SVA_A,SVA
chr19,40744377,40744391,MA1587.1,+,1.25e-07,SVA_A,SVA_A,SVA
chr4,40749300,40749314,MA1587.1,+,1.25e-07,SVA_A,SVA_A,SVA
chr20,40968468,40968482,MA1587.1,+,1.25e-07,SVA_A,SVA_A,SVA
chr20,41178210,41178224,MA1587.1,-,1.25e-07,SVA_A,SVA_A,SVA
chr20,41181283,41181297,MA1587.1,-,1.25e-07,SVA_A,SVA_A,SVA
chr11,41293278,41293292,MA1587.1,+,1.25e-07,SVA_A,SVA_A,SVA
chr13,41583998,41584012,MA1587.1,-,1.25e-07,SVA_A,SVA_A,SVA
chr12,41634320,41634334,MA1587.1,-,1.25e-07,SVA_A,SVA_A,SVA
chr17,41762850,41762864,MA1587.1,+,1.25e-07,SVA_A,SVA_A,SVA
chr15,41862464,41862478,MA1587.1,+,1.25e-07,SVA_A,SVA_A,SVA
chr6,41933690,41933704,MA1587.1,+,1.25e-07,SVA_A,SVA_A,SVA
chr13,42033105,42033119,MA1587.1,-,1.25e-07,SVA_A,SVA_A,SVA
chr10,42165407,42165421,MA1587.1,+,1.25e-07,SVA_A,SVA_A,SVA
chr10,42379929,42379943,MA1587.1,-,1.25e-07,SVA_A,SVA_A,SVA
chr11,42724866,42724880,MA1587.1,-,1.25e-07,SVA_A,SVA_A,SVA
chr19,43085988,43086002,MA1587.1,+,1.25e-07,SVA_A,SVA_A,SVA
chr7,43270302,43270316,MA1587.1,+,1.25e-07,SVA_A,SVA_A,SVA
chr13,43394042,43394056,MA1587.1,+,1.25e-07,SVA_A,SVA_A,SVA
chrUn,44081912,44081926,MA1587.1,-,1.25e-07,SVA_A,SVA_A,SVA
chr1,44112970,44112984,MA1587.1,-,1.25e-07,SVA_A,SVA_A,SVA
chr16,44211101,44211115,MA1587.1,-,1.25e-07,SVA_A,SVA_A,SVA
chrUn,44356213,44356227,MA1587.1,-,1.25e-07,SVA_A,SVA_A,SVA
chr5,44477469,44477483,MA1587.1,+,1.25e-07,SVA_A,SVA_A,SVA
chrUn,44717304,44717318,MA1587.1,-,1.25e-07,SVA_A,SVA_A,SVA
chr16,45265249,45265263,MA1587.1,+,1.25e-07,SVA_A,SVA_A,SVA
chrUn,45776261,45776275,MA1587.1,+,1.25e-07,SVA_A,SVA_A,SVA
chr1,45784498,45784512,MA1587.1,-,1.25e-07,SVA_A,SVA_A,SVA
chr17,46141141,46141155,MA1587.1,-,1.25e-07,SVA_A,SVA_A,SVA
chr19,46632775,46632789,MA1587.1,+,1.25e-07,SVA_A,SVA_A,SVA
chr6,46984428,46984442,MA1587.1,+,1.25e-07,SVA_A,SVA_A,SVA
chr6,47164794,47164808,MA1587.1,+,1.25e-07,SVA_B,SVA_B,SVA
chr15,47252103,47252117,MA1587.1,+,1.25e-07,SVA_A,SVA_A,SVA
chr19,47389197,47389211,MA1587.1,+,1.25e-07,SVA_A,SVA_A,SVA
chr12,47911134,47911148,MA1587.1,-,1.25e-07,SVA_A,SVA_A,SVA
chr2b,48115368,48115382,MA1587.1,+,1.25e-07,SVA_A,SVA_A,SVA
chr7,48207737,48207751,MA1587.1,+,1.25e-07,SVA_A,SVA_A,SVA
chr18,48207936,48207950,MA1587.1,-,1.25e-07,SVA_A,SVA_A,SVA
chr1,48338640,48338654,MA1587.1,-,1.25e-07,SVA_A,SVA_A,SVA
chr12,49091338,49091352,MA1587.1,+,1.25e-07,SVA_A,SVA_A,SVA
chr13,49413216,49413230,MA1587.1,-,1.25e-07,SVA_A,SVA_A,SVA
chr9,49424826,49424840,MA1587.1,-,1.25e-07,SVA_A,SVA_A,SVA
chr13,49619170,49619184,MA1587.1,-,1.25e-07,SVA_A,SVA_A,SVA
chr4,50307985,50307999,MA1587.1,-,1.25e-07,SVA_A,SVA_A,SVA
chr4,50465602,50465616,MA1587.1,-,1.25e-07,SVA_A,SVA_A,SVA
chr8,50562540,50562554,MA1587.1,-,1.25e-07,SVA_A,SVA_A,SVA
chr12,51003967,51003981,MA1587.1,-,1.25e-07,SVA_A,SVA_A,SVA
chr10,51087511,51087525,MA1587.1,-,1.25e-07,SVA_A,SVA_A,SVA
chr20,51311788,51311802,MA1587.1,-,1.25e-07,SVA_A,SVA_A,SVA
chr7,51430414,51430428,MA1587.1,-,1.25e-07,SVA_A,SVA_A,SVA
chr14,51931604,51931618,MA1587.1,-,1.25e-07,SVA_A,SVA_A,SVA
chr6,52707198,52707212,MA1587.1,-,1.25e-07,SVA_A,SVA_A,SVA
chrUn,53074614,53074628,MA1587.1,+,1.25e-07,SVA_A,SVA_A,SVA
chr7,53276234,53276248,MA1587.1,+,1.25e-07,SVA_A,SVA_A,SVA
chr17,53308394,53308408,MA1587.1,-,1.25e-07,SVA_A,SVA_A,SVA
chr19,53364244,53364258,MA1587.1,-,1.25e-07,SVA_A,SVA_A,SVA
chrUn,53471857,53471871,MA1587.1,-,1.25e-07,SVA_A,SVA_A,SVA
chr8,53509051,53509065,MA1587.1,+,1.25e-07,SVA_A,SVA_A,SVA
chr16,53614471,53614485,MA1587.1,+,1.25e-07,SVA_A,SVA_A,SVA
chr6,53631641,53631655,MA1587.1,+,1.25e-07,SVA_A,SVA_A,SVA
chr19,53924726,53924740,MA1587.1,+,1.25e-07,SVA_A,SVA_A,SVA
chr17,53941423,53941437,MA1587.1,+,1.25e-07,SVA_A,SVA_A,SVA
chr20,54068972,54068986,MA1587.1,+,1.25e-07,SVA_A,SVA_A,SVA
chrX,54179821,54179835,MA1587.1,-,1.25e-07,SVA_A,SVA_A,SVA
chr17,54426503,54426517,MA1587.1,+,1.25e-07,SVA_A,SVA_A,SVA
chr19,54511746,54511760,MA1587.1,+,1.25e-07,SVA_A,SVA_A,SVA
chrUn,54761393,54761407,MA1587.1,+,1.25e-07,SVA_A,SVA_A,SVA
chr2b,54842275,54842289,MA1587.1,-,1.25e-07,SVA_A,SVA_A,SVA
chr10,55145596,55145610,MA1587.1,+,1.25e-07,SVA_A,SVA_A,SVA
chr8,55193044,55193058,MA1587.1,-,1.25e-07,SVA_A,SVA_A,SVA
chr2a,55281268,55281282,MA1587.1,-,1.25e-07,SVA_A,SVA_A,SVA
chr17,55316143,55316157,MA1587.1,-,1.25e-07,SVA_A,SVA_A,SVA
chr10,55350420,55350434,MA1587.1,-,1.25e-07,SVA_A,SVA_A,SVA
chr12,55369286,55369300,MA1587.1,+,1.25e-07,SVA_A,SVA_A,SVA
chr15,55554070,55554084,MA1587.1,-,1.25e-07,SVA_A,SVA_A,SVA
chr9,55620498,55620512,MA1587.1,-,1.25e-07,SVA_A,SVA_A,SVA
chr5,55663720,55663734,MA1587.1,-,1.25e-07,SVA_A,SVA_A,SVA
chr16,55976596,55976610,MA1587.1,+,1.25e-07,SVA_A,SVA_A,SVA
chr9,56006332,56006346,MA1587.1,-,1.25e-07,SVA_A,SVA_A,SVA
chr19,56035131,56035145,MA1587.1,+,1.25e-07,SVA_A,SVA_A,SVA
chr9,56068372,56068386,MA1587.1,+,1.25e-07,SVA_A,SVA_A,SVA
chr15,56078273,56078287,MA1587.1,-,1.25e-07,SVA_A,SVA_A,SVA
chr9,56097331,56097345,MA1587.1,-,1.25e-07,SVA_A,SVA_A,SVA
chrX,56218817,56218831,MA1587.1,-,1.25e-07,SVA_A,SVA_A,SVA
chrUn,56376030,56376044,MA1587.1,-,1.25e-07,SVA_A,SVA_A,SVA
chr12,56571967,56571981,MA1587.1,+,1.25e-07,SVA_A,SVA_A,SVA
chr5,56779406,56779420,MA1587.1,-,1.25e-07,SVA_A,SVA_A,SVA
chr5,57507652,57507666,MA1587.1,+,1.25e-07,SVA_A,SVA_A,SVA
chr2a,57511529,57511543,MA1587.1,-,1.25e-07,SVA_A,SVA_A,SVA
chrUn,57526592,57526606,MA1587.1,+,1.25e-07,SVA_A,SVA_A,SVA
chr5,57586718,57586732,MA1587.1,-,1.25e-07,SVA_A,SVA_A,SVA
chr10,57764913,57764927,MA1587.1,-,1.25e-07,SVA_A,SVA_A,SVA
chr12,57847950,57847964,MA1587.1,-,1.25e-07,SVA_A,SVA_A,SVA
chr8,57865733,57865747,MA1587.1,+,1.25e-07,SVA_A,SVA_A,SVA
chr3,57887350,57887364,MA1587.1,+,1.25e-07,SVA_A,SVA_A,SVA
chrUn,58122264,58122278,MA1587.1,+,1.25e-07,SVA_A,SVA_A,SVA
chrUn,58297883,58297897,MA1587.1,-,1.25e-07,SVA_A,SVA_A,SVA
chr9,58532553,58532567,MA1587.1,-,1.25e-07,SVA_A,SVA_A,SVA
chr2b,58844980,58844994,MA1587.1,+,1.25e-07,SVA_A,SVA_A,SVA
chr9,59394676,59394690,MA1587.1,-,1.25e-07,SVA_A,SVA_A,SVA
chr19,59431597,59431611,MA1587.1,+,1.25e-07,SVA_A,SVA_A,SVA
chr2b,59579785,59579799,MA1587.1,+,1.25e-07,SVA_A,SVA_A,SVA
chr20,59680857,59680871,MA1587.1,-,1.25e-07,SVA_A,SVA_A,SVA
chr2b,59908437,59908451,MA1587.1,+,1.25e-07,SVA_A,SVA_A,SVA
chr16,60056999,60057013,MA1587.1,-,1.25e-07,SVA_A,SVA_A,SVA
chr16,60057920,60057934,MA1587.1,-,1.25e-07,SVA_A,SVA_A,SVA
chr19,60193010,60193024,MA1587.1,-,1.25e-07,SVA_A,SVA_A,SVA
chr15,60378753,60378767,MA1587.1,-,1.25e-07,SVA_A,SVA_A,SVA
chr19,60573075,60573089,MA1587.1,+,1.25e-07,SVA_A,SVA_A,SVA
chr3,60636677,60636691,MA1587.1,-,1.25e-07,SVA_A,SVA_A,SVA
chr16,61064562,61064576,MA1587.1,+,1.25e-07,SVA_A,SVA_A,SVA
chr8,61459507,61459521,MA1587.1,-,1.25e-07,SVA_A,SVA_A,SVA
chr4,61506714,61506728,MA1587.1,+,1.25e-07,SVA_A,SVA_A,SVA
chr16,61586457,61586471,MA1587.1,+,1.25e-07,SVA_A,SVA_A,SVA
chr15,61691122,61691136,MA1587.1,-,1.25e-07,SVA_A,SVA_A,SVA
chr18,61926580,61926594,MA1587.1,-,1.25e-07,SVA_A,SVA_A,SVA
chr18,61988360,61988374,MA1587.1,-,1.25e-07,SVA_A,SVA_A,SVA
chr18,61989688,61989702,MA1587.1,-,1.25e-07,SVA_A,SVA_A,SVA
chr5,61996883,61996897,MA1587.1,+,1.25e-07,SVA_A,SVA_A,SVA
chr20,62123066,62123080,MA1587.1,+,1.25e-07,SVA_A,SVA_A,SVA
chr16,62245147,62245161,MA1587.1,+,1.25e-07,SVA_A,SVA_A,SVA
chr16,62775051,62775065,MA1587.1,+,1.25e-07,SVA_A,SVA_A,SVA
chr4,62940281,62940295,MA1587.1,-,1.25e-07,SVA_A,SVA_A,SVA
chr4,62996334,62996348,MA1587.1,+,1.25e-07,SVA_A,SVA_A,SVA
chr4,62999769,62999783,MA1587.1,+,1.25e-07,SVA_A,SVA_A,SVA
chrX,63264526,63264540,MA1587.1,-,1.25e-07,SVA_A,SVA_A,SVA
chrX,63536674,63536688,MA1587.1,+,1.25e-07,SVA_A,SVA_A,SVA
chr17,63767489,63767503,MA1587.1,-,1.25e-07,SVA_A,SVA_A,SVA
chr9,64904694,64904708,MA1587.1,-,1.25e-07,SVA_A,SVA_A,SVA
chr9,65067827,65067841,MA1587.1,+,1.25e-07,SVA_A,SVA_A,SVA
chr10,65132261,65132275,MA1587.1,+,1.25e-07,SVA_A,SVA_A,SVA
chr16,65329187,65329201,MA1587.1,-,1.25e-07,SVA_A,SVA_A,SVA
chr10,66229829,66229843,MA1587.1,+,1.25e-07,SVA_A,SVA_A,SVA
chr15,66615905,66615919,MA1587.1,-,1.25e-07,SVA_A,SVA_A,SVA
chr1,66950963,66950977,MA1587.1,+,1.25e-07,SVA_A,SVA_A,SVA
chrUn,67022172,67022186,MA1587.1,+,1.25e-07,SVA_A,SVA_A,SVA
chr11,67345805,67345819,MA1587.1,+,1.25e-07,SVA_A,SVA_A,SVA
chrUn,67536284,67536298,MA1587.1,+,1.25e-07,SVA_A,SVA_A,SVA
chrX,67941028,67941042,MA1587.1,-,1.25e-07,SVA_A,SVA_A,SVA
chr2b,68266412,68266426,MA1587.1,+,1.25e-07,SVA_A,SVA_A,SVA
chr1,68367268,68367282,MA1587.1,+,1.25e-07,SVA_A,SVA_A,SVA
chr1,68368071,68368085,MA1587.1,+,1.25e-07,SVA_A,SVA_A,SVA
chr1,68453870,68453884,MA1587.1,-,1.25e-07,SVA_A,SVA_A,SVA
chrUn,68751183,68751197,MA1587.1,+,1.25e-07,SVA_A,SVA_A,SVA
chr12,69209701,69209715,MA1587.1,-,1.25e-07,SVA_A,SVA_A,SVA
chr12,69386652,69386666,MA1587.1,-,1.25e-07,SVA_A,SVA_A,SVA
chr12,69393535,69393549,MA1587.1,-,1.25e-07,SVA_A,SVA_A,SVA
chrX,69609043,69609057,MA1587.1,+,1.25e-07,SVA_A,SVA_A,SVA
chr8,70005605,70005619,MA1587.1,-,1.25e-07,SVA_A,SVA_A,SVA
chr6,70212126,70212140,MA1587.1,-,1.25e-07,SVA_A,SVA_A,SVA
chr15,70575669,70575683,MA1587.1,+,1.25e-07,SVA_A,SVA_A,SVA
chr17,70616857,70616871,MA1587.1,+,1.25e-07,SVA_A,SVA_A,SVA
chr1,70642898,70642912,MA1587.1,+,1.25e-07,SVA_A,SVA_A,SVA
chrUn,70965726,70965740,MA1587.1,-,1.25e-07,SVA_A,SVA_A,SVA
chr12,71017442,71017456,MA1587.1,+,1.25e-07,SVA_A,SVA_A,SVA
chrX,71453819,71453833,MA1587.1,-,1.25e-07,SVA_A,SVA_A,SVA
chrX,71541281,71541295,MA1587.1,+,1.25e-07,SVA_A,SVA_A,SVA
chr14,71803392,71803406,MA1587.1,-,1.25e-07,SVA_A,SVA_A,SVA
chr18,71820822,71820836,MA1587.1,-,1.25e-07,SVA_A,SVA_A,SVA
chr1,72005926,72005940,MA1587.1,+,1.25e-07,SVA_A,SVA_A,SVA
chr14,72875440,72875454,MA1587.1,-,1.25e-07,SVA_A,SVA_A,SVA
chr8,72909736,72909750,MA1587.1,-,1.25e-07,SVA_A,SVA_A,SVA
chr2b,73539922,73539936,MA1587.1,-,1.25e-07,SVA_A,SVA_A,SVA
chrX,75094596,75094610,MA1587.1,+,1.25e-07,SVA_A,SVA_A,SVA
chr14,75980028,75980042,MA1587.1,-,1.25e-07,SVA_A,SVA_A,SVA
chr8,76527196,76527210,MA1587.1,-,1.25e-07,SVA_A,SVA_A,SVA
chr8,76527979,76527993,MA1587.1,-,1.25e-07,SVA_A,SVA_A,SVA
chr13,76706051,76706065,MA1587.1,+,1.25e-07,SVA_A,SVA_A,SVA
chr14,76721784,76721798,MA1587.1,+,1.25e-07,SVA_A,SVA_A,SVA
chr16,76876426,76876440,MA1587.1,-,1.25e-07,SVA_A,SVA_A,SVA
chr1,76926243,76926257,MA1587.1,+,1.25e-07,SVA_A,SVA_A,SVA
chr11,77144086,77144100,MA1587.1,+,1.25e-07,SVA_A,SVA_A,SVA
chr10,77647250,77647264,MA1587.1,-,1.25e-07,SVA_A,SVA_A,SVA
chr5,77838578,77838592,MA1587.1,+,1.25e-07,SVA_A,SVA_A,SVA
chr5,77839581,77839595,MA1587.1,+,1.25e-07,SVA_A,SVA_A,SVA
chr2a,78104395,78104409,MA1587.1,+,1.25e-07,SVA_A,SVA_A,SVA
chrX,78227272,78227286,MA1587.1,-,1.25e-07,SVA_A,SVA_A,SVA
chr5,78569876,78569890,MA1587.1,-,1.25e-07,SVA_A,SVA_A,SVA
chr9,78736162,78736176,MA1587.1,-,1.25e-07,SVA_A,SVA_A,SVA
chr1,79117528,79117542,MA1587.1,+,1.25e-07,SVA_A,SVA_A,SVA
chr12,80168646,80168660,MA1587.1,+,1.25e-07,SVA_A,SVA_A,SVA
chr3,80468293,80468307,MA1587.1,-,1.25e-07,SVA_A,SVA_A,SVA
chr2a,80558630,80558644,MA1587.1,+,1.25e-07,SVA_A,SVA_A,SVA
chr5,80632551,80632565,MA1587.1,-,1.25e-07,SVA_A,SVA_A,SVA
chr7,81255835,81255849,MA1587.1,+,1.25e-07,SVA_A,SVA_A,SVA
chr11,82453787,82453801,MA1587.1,+,1.25e-07,SVA_A,SVA_A,SVA
chr9,82854613,82854627,MA1587.1,-,1.25e-07,SVA_A,SVA_A,SVA
chr9,83590260,83590274,MA1587.1,+,1.25e-07,SVA_A,SVA_A,SVA
chr1,83625095,83625109,MA1587.1,-,1.25e-07,SVA_A,SVA_A,SVA
chr18,83696660,83696674,MA1587.1,-,1.25e-07,SVA_A,SVA_A,SVA
chr1,85248183,85248197,MA1587.1,+,1.25e-07,SVA_A,SVA_A,SVA
chr9,87006882,87006896,MA1587.1,+,1.25e-07,SVA_A,SVA_A,SVA
chr9,88468342,88468356,MA1587.1,-,1.25e-07,SVA_A,SVA_A,SVA
chr2b,88677920,88677934,MA1587.1,-,1.25e-07,SVA_A,SVA_A,SVA
chr5,88702735,88702749,MA1587.1,-,1.25e-07,SVA_A,SVA_A,SVA
chr3,88756053,88756067,MA1587.1,+,1.25e-07,SVA_A,SVA_A,SVA
chr1,88935736,88935750,MA1587.1,-,1.25e-07,SVA_A,SVA_A,SVA
chr1,88943886,88943900,MA1587.1,+,1.25e-07,SVA_A,SVA_A,SVA
chr1,89459294,89459308,MA1587.1,+,1.25e-07,SVA_A,SVA_A,SVA
chr12,89659999,89660013,MA1587.1,+,1.25e-07,SVA_A,SVA_A,SVA
chr6,89947314,89947328,MA1587.1,+,1.25e-07,SVA_A,SVA_A,SVA
chr1,89963480,89963494,MA1587.1,+,1.25e-07,SVA_A,SVA_A,SVA
chr1,90005137,90005151,MA1587.1,+,1.25e-07,SVA_A,SVA_A,SVA
chr1,90006114,90006128,MA1587.1,+,1.25e-07,SVA_A,SVA_A,SVA
chrX,90067949,90067963,MA1587.1,+,1.25e-07,SVA_A,SVA_A,SVA
chr12,90190917,90190931,MA1587.1,+,1.25e-07,SVA_A,SVA_A,SVA
chr14,90205904,90205918,MA1587.1,+,1.25e-07,SVA_A,SVA_A,SVA
chr14,90206461,90206475,MA1587.1,+,1.25e-07,SVA_A,SVA_A,SVA
chr9,90358302,90358316,MA1587.1,+,1.25e-07,SVA_A,SVA_A,SVA
chr1,90932159,90932173,MA1587.1,-,1.25e-07,SVA_A,SVA_A,SVA
chr12,90995105,90995119,MA1587.1,+,1.25e-07,SVA_A,SVA_A,SVA
chr12,91298812,91298826,MA1587.1,-,1.25e-07,SVA_A,SVA_A,SVA
chr14,91765797,91765811,MA1587.1,+,1.25e-07,SVA_A,SVA_A,SVA
chr14,92046599,92046613,MA1587.1,+,1.25e-07,SVA_A,SVA_A,SVA
chr14,92049746,92049760,MA1587.1,+,1.25e-07,SVA_A,SVA_A,SVA
chr2b,92357347,92357361,MA1587.1,-,1.25e-07,SVA_A,SVA_A,SVA
chr9,92576000,92576014,MA1587.1,-,1.25e-07,SVA_A,SVA_A,SVA
chr14,92872514,92872528,MA1587.1,-,1.25e-07,SVA_A,SVA_A,SVA
chr4,92935829,92935843,MA1587.1,+,1.25e-07,SVA_A,SVA_A,SVA
chr1,94208928,94208942,MA1587.1,-,1.25e-07,SVA_A,SVA_A,SVA
chr8,94326238,94326252,MA1587.1,-,1.25e-07,SVA_A,SVA_A,SVA
chr3,94583826,94583840,MA1587.1,+,1.25e-07,SVA_A,SVA_A,SVA
chr1,94682561,94682575,MA1587.1,+,1.25e-07,SVA_A,SVA_A,SVA
chr10,94697861,94697875,MA1587.1,-,1.25e-07,SVA_A,SVA_A,SVA
chr3,94838640,94838654,MA1587.1,+,1.25e-07,SVA_A,SVA_A,SVA
chr12,94925308,94925322,MA1587.1,-,1.25e-07,SVA_A,SVA_A,SVA
chr2b,94966245,94966259,MA1587.1,-,1.25e-07,SVA_A,SVA_A,SVA
chr3,95144715,95144729,MA1587.1,+,1.25e-07,SVA_A,SVA_A,SVA
chr2b,95215182,95215196,MA1587.1,-,1.25e-07,SVA_A,SVA_A,SVA
chr3,95225712,95225726,MA1587.1,+,1.25e-07,SVA_A,SVA_A,SVA
chr1,95715252,95715266,MA1587.1,-,1.25e-07,SVA_A,SVA_A,SVA
chr10,96263466,96263480,MA1587.1,+,1.25e-07,SVA_A,SVA_A,SVA
chr1,96572861,96572875,MA1587.1,-,1.25e-07,SVA_A,SVA_A,SVA
chr3,96959315,96959329,MA1587.1,+,1.25e-07,SVA_A,SVA_A,SVA
chr12,97215929,97215943,MA1587.1,+,1.25e-07,SVA_A,SVA_A,SVA
chr10,97347077,97347091,MA1587.1,+,1.25e-07,SVA_A,SVA_A,SVA
chr1,97457219,97457233,MA1587.1,+,1.25e-07,SVA_A,SVA_A,SVA
chr3,99677464,99677478,MA1587.1,-,1.25e-07,SVA_A,SVA_A,SVA
chrX,99936060,99936074,MA1587.1,+,1.25e-07,SVA_A,SVA_A,SVA
chr2b,100276070,100276084,MA1587.1,-,1.25e-07,SVA_A,SVA_A,SVA
chr6,100975688,100975702,MA1587.1,-,1.25e-07,SVA_A,SVA_A,SVA
chr6,101257854,101257868,MA1587.1,-,1.25e-07,SVA_A,SVA_A,SVA
chrX,101558000,101558014,MA1587.1,-,1.25e-07,SVA_A,SVA_A,SVA
chr9,101570972,101570986,MA1587.1,+,1.25e-07,SVA_A,SVA_A,SVA
chr7,101818734,101818748,MA1587.1,-,1.25e-07,SVA_A,SVA_A,SVA
chr2a,102450567,102450581,MA1587.1,-,1.25e-07,SVA_A,SVA_A,SVA
chr14,103263425,103263439,MA1587.1,-,1.25e-07,SVA_A,SVA_A,SVA
chr3,103531394,103531408,MA1587.1,+,1.25e-07,SVA_A,SVA_A,SVA
chr9,103570549,103570563,MA1587.1,-,1.25e-07,SVA_A,SVA_A,SVA
chr9,103571745,103571759,MA1587.1,-,1.25e-07,SVA_A,SVA_A,SVA
chr5,103654032,103654046,MA1587.1,+,1.25e-07,SVA_A,SVA_A,SVA
chr5,103675524,103675538,MA1587.1,-,1.25e-07,SVA_A,SVA_A,SVA
chr3,104408324,104408338,MA1587.1,-,1.25e-07,SVA_A,SVA_A,SVA
chr14,104632091,104632105,MA1587.1,+,1.25e-07,SVA_A,SVA_A,SVA
chr3,104698463,104698477,MA1587.1,-,1.25e-07,SVA_A,SVA_A,SVA
chr2b,104992646,104992660,MA1587.1,+,1.25e-07,SVA_A,SVA_A,SVA
chr8,105595010,105595024,MA1587.1,-,1.25e-07,SVA_A,SVA_A,SVA
chr14,106076703,106076717,MA1587.1,+,1.25e-07,SVA_A,SVA_A,SVA
chr1,106767262,106767276,MA1587.1,+,1.25e-07,SVA_A,SVA_A,SVA
chr12,107060642,107060656,MA1587.1,+,1.25e-07,SVA_A,SVA_A,SVA
chr5,107095881,107095895,MA1587.1,-,1.25e-07,SVA_A,SVA_A,SVA
chr1,107689820,107689834,MA1587.1,-,1.25e-07,SVA_A,SVA_A,SVA
chr9,108024390,108024404,MA1587.1,-,1.25e-07,SVA_A,SVA_A,SVA
chr9,108032610,108032624,MA1587.1,-,1.25e-07,SVA_A,SVA_A,SVA
chr3,108292888,108292902,MA1587.1,-,1.25e-07,SVA_A,SVA_A,SVA
chr14,108463683,108463697,MA1587.1,-,1.25e-07,SVA_A,SVA_A,SVA
chr8,108720444,108720458,MA1587.1,-,1.25e-07,SVA_A,SVA_A,SVA
chr7,109197551,109197565,MA1587.1,-,1.25e-07,SVA_A,SVA_A,SVA
chrX,109226371,109226385,MA1587.1,+,1.25e-07,SVA_A,SVA_A,SVA
chr5,110040814,110040828,MA1587.1,+,1.25e-07,SVA_A,SVA_A,SVA
chr5,110205489,110205503,MA1587.1,-,1.25e-07,SVA_A,SVA_A,SVA
chr5,110207539,110207553,MA1587.1,-,1.25e-07,SVA_A,SVA_A,SVA
chr4,110591949,110591963,MA1587.1,+,1.25e-07,SVA_A,SVA_A,SVA
chr4,111187605,111187619,MA1587.1,-,1.25e-07,SVA_A,SVA_A,SVA
chr10,111604880,111604894,MA1587.1,-,1.25e-07,SVA_A,SVA_A,SVA
chr4,112384475,112384489,MA1587.1,+,1.25e-07,SVA_A,SVA_A,SVA
chr8,112895451,112895465,MA1587.1,-,1.25e-07,SVA_A,SVA_A,SVA
chr4,113408998,113409012,MA1587.1,-,1.25e-07,SVA_A,SVA_A,SVA
chr2b,113972506,113972520,MA1587.1,+,1.25e-07,SVA_A,SVA_A,SVA
chr12,114425235,114425249,MA1587.1,-,1.25e-07,SVA_A,SVA_A,SVA
chr12,114425766,114425780,MA1587.1,-,1.25e-07,SVA_A,SVA_A,SVA
chr3,114492865,114492879,MA1587.1,-,1.25e-07,SVA_A,SVA_A,SVA
chr6,114516109,114516123,MA1587.1,+,1.25e-07,SVA_A,SVA_A,SVA
chr2b,114930952,114930966,MA1587.1,-,1.25e-07,SVA_A,SVA_A,SVA
chr8,115166797,115166811,MA1587.1,-,1.25e-07,SVA_A,SVA_A,SVA
chr13,115224351,115224365,MA1587.1,+,1.25e-07,SVA_A,SVA_A,SVA
chr2b,115559529,115559543,MA1587.1,-,1.25e-07,SVA_A,SVA_A,SVA
chr13,115977384,115977398,MA1587.1,+,1.25e-07,SVA_A,SVA_A,SVA
chr11,115999238,115999252,MA1587.1,+,1.25e-07,SVA_A,SVA_A,SVA
chr13,116127572,116127586,MA1587.1,+,1.25e-07,SVA_A,SVA_A,SVA
chr1,116853845,116853859,MA1587.1,+,1.25e-07,SVA_A,SVA_A,SVA
chr1,116894239,116894253,MA1587.1,-,1.25e-07,SVA_A,SVA_A,SVA
chr10,118173137,118173151,MA1587.1,+,1.25e-07,SVA_A,SVA_A,SVA
chr10,118309065,118309079,MA1587.1,-,1.25e-07,SVA_A,SVA_A,SVA
chr10,118310622,118310636,MA1587.1,-,1.25e-07,SVA_A,SVA_A,SVA
chr12,118970957,118970971,MA1587.1,-,1.25e-07,SVA_A,SVA_A,SVA
chr11,120270425,120270439,MA1587.1,-,1.25e-07,SVA_A,SVA_A,SVA
chr12,120338015,120338029,MA1587.1,+,1.25e-07,SVA_A,SVA_A,SVA
chr5,120564231,120564245,MA1587.1,-,1.25e-07,SVA_A,SVA_A,SVA
chr6,121096136,121096150,MA1587.1,+,1.25e-07,SVA_A,SVA_A,SVA
chrX,123369505,123369519,MA1587.1,-,1.25e-07,SVA_A,SVA_A,SVA
chr12,123641254,123641268,MA1587.1,-,1.25e-07,SVA_A,SVA_A,SVA
chr6,124127712,124127726,MA1587.1,-,1.25e-07,SVA_A,SVA_A,SVA
chr8,124132094,124132108,MA1587.1,+,1.25e-07,SVA_A,SVA_A,SVA
chr2b,124789225,124789239,MA1587.1,+,1.25e-07,SVA_A,SVA_A,SVA
chr7,126097256,126097270,MA1587.1,-,1.25e-07,SVA_A,SVA_A,SVA
chr12,126556278,126556292,MA1587.1,-,1.25e-07,SVA_A,SVA_A,SVA
chr9,126985124,126985138,MA1587.1,-,1.25e-07,SVA_A,SVA_A,SVA
chr2b,127196824,127196838,MA1587.1,+,1.25e-07,SVA_A,SVA_A,SVA
chr2b,127864129,127864143,MA1587.1,-,1.25e-07,SVA_A,SVA_A,SVA
chr5,128505810,128505824,MA1587.1,+,1.25e-07,SVA_A,SVA_A,SVA
chr1,128711245,128711259,MA1587.1,-,1.25e-07,SVA_A,SVA_A,SVA
chr6,129029157,129029171,MA1587.1,+,1.25e-07,SVA_A,SVA_A,SVA
chr10,129394368,129394382,MA1587.1,-,1.25e-07,SVA_A,SVA_A,SVA
chr10,130002271,130002285,MA1587.1,-,1.25e-07,SVA_A,SVA_A,SVA
chr7,130369456,130369470,MA1587.1,-,1.25e-07,SVA_A,SVA_A,SVA
chr6,132541544,132541558,MA1587.1,+,1.25e-07,SVA_A,SVA_A,SVA
chr3,133087215,133087229,MA1587.1,-,1.25e-07,SVA_A,SVA_A,SVA
chr1,133578858,133578872,MA1587.1,+,1.25e-07,SVA_A,SVA_A,SVA
chr2b,134153052,134153066,MA1587.1,-,1.25e-07,SVA_A,SVA_A,SVA
chr6,134336117,134336131,MA1587.1,-,1.25e-07,SVA_A,SVA_A,SVA
chr12,134829595,134829609,MA1587.1,+,1.25e-07,SVA_A,SVA_A,SVA
chr12,135102231,135102245,MA1587.1,-,1.25e-07,SVA_A,SVA_A,SVA
chr5,136917856,136917870,MA1587.1,-,1.25e-07,SVA_A,SVA_A,SVA
chr5,137321980,137321994,MA1587.1,+,1.25e-07,SVA_A,SVA_A,SVA
chr3,138676550,138676564,MA1587.1,+,1.25e-07,SVA_A,SVA_A,SVA
chr7,139034214,139034228,MA1587.1,-,1.25e-07,SVA_A,SVA_A,SVA
chr6,139137658,139137672,MA1587.1,+,1.25e-07,SVA_A,SVA_A,SVA
chr6,139170464,139170478,MA1587.1,+,1.25e-07,SVA_A,SVA_A,SVA
chr5,139179857,139179871,MA1587.1,+,1.25e-07,SVA_A,SVA_A,SVA
chr3,139399570,139399584,MA1587.1,-,1.25e-07,SVA_A,SVA_A,SVA
chr5,139581734,139581748,MA1587.1,+,1.25e-07,SVA_A,SVA_A,SVA
chr7,139716829,139716843,MA1587.1,-,1.25e-07,SVA_A,SVA_A,SVA
chr1,140362988,140363002,MA1587.1,+,1.25e-07,SVA_A,SVA_A,SVA
chr6,140655205,140655219,MA1587.1,+,1.25e-07,SVA_A,SVA_A,SVA
chr6,140660360,140660374,MA1587.1,+,1.25e-07,SVA_A,SVA_A,SVA
chrX,140754559,140754573,MA1587.1,+,1.25e-07,SVA_A,SVA_A,SVA
chrX,140756431,140756445,MA1587.1,+,1.25e-07,SVA_A,SVA_A,SVA
chr3,141583967,141583981,MA1587.1,-,1.25e-07,SVA_A,SVA_A,SVA
chr5,142092598,142092612,MA1587.1,-,1.25e-07,SVA_A,SVA_A,SVA
chr3,143050957,143050971,MA1587.1,+,1.25e-07,SVA_A,SVA_A,SVA
chr3,143588594,143588608,MA1587.1,-,1.25e-07,SVA_A,SVA_A,SVA
chr4,143696366,143696380,MA1587.1,+,1.25e-07,SVA_A,SVA_A,SVA
chr4,144360353,144360367,MA1587.1,+,1.25e-07,SVA_A,SVA_A,SVA
chr1,144417485,144417499,MA1587.1,-,1.25e-07,SVA_A,SVA_A,SVA
chrX,147397312,147397326,MA1587.1,+,1.25e-07,SVA_A,SVA_A,SVA
chr5,147431834,147431848,MA1587.1,-,1.25e-07,SVA_A,SVA_A,SVA
chr7,147548671,147548685,MA1587.1,-,1.25e-07,SVA_A,SVA_A,SVA
chrX,147996488,147996502,MA1587.1,-,1.25e-07,SVA_A,SVA_A,SVA
chr7,148990590,148990604,MA1587.1,-,1.25e-07,SVA_A,SVA_A,SVA
chr7,149210653,149210667,MA1587.1,-,1.25e-07,SVA_A,SVA_A,SVA
chrX,149757851,149757865,MA1587.1,+,1.25e-07,SVA_A,SVA_A,SVA
chr8,150721090,150721104,MA1587.1,+,1.25e-07,SVA_A,SVA_A,SVA
chr5,150809556,150809570,MA1587.1,+,1.25e-07,SVA_A,SVA_A,SVA
chr8,152040186,152040200,MA1587.1,+,1.25e-07,SVA_A,SVA_A,SVA
chr3,152209135,152209149,MA1587.1,-,1.25e-07,SVA_A,SVA_A,SVA
chrX,152391179,152391193,MA1587.1,-,1.25e-07,SVA_A,SVA_A,SVA
chrX,152536533,152536547,MA1587.1,+,1.25e-07,SVA_A,SVA_A,SVA
chr8,153318709,153318723,MA1587.1,+,1.25e-07,SVA_A,SVA_A,SVA
chr3,153878285,153878299,MA1587.1,+,1.25e-07,SVA_A,SVA_A,SVA
chr5,154133311,154133325,MA1587.1,-,1.25e-07,SVA_A,SVA_A,SVA
chr6,154650561,154650575,MA1587.1,+,1.25e-07,SVA_A,SVA_A,SVA
chr6,154651079,154651093,MA1587.1,+,1.25e-07,SVA_A,SVA_A,SVA
chrX,154959908,154959922,MA1587.1,-,1.25e-07,SVA_A,SVA_A,SVA
chrX,155063917,155063931,MA1587.1,+,1.25e-07,SVA_A,SVA_A,SVA
chr5,156110123,156110137,MA1587.1,+,1.25e-07,SVA_A,SVA_A,SVA
chr5,156112764,156112778,MA1587.1,+,1.25e-07,SVA_A,SVA_A,SVA
chr3,156113717,156113731,MA1587.1,-,1.25e-07,SVA_A,SVA_A,SVA
chr5,156132910,156132924,MA1587.1,+,1.25e-07,SVA_B,SVA_B,SVA
chr1,156513072,156513086,MA1587.1,+,1.25e-07,SVA_A,SVA_A,SVA
chr4,156753969,156753983,MA1587.1,-,1.25e-07,SVA_A,SVA_A,SVA
chr4,157508017,157508031,MA1587.1,-,1.25e-07,SVA_A,SVA_A,SVA
chr4,157512947,157512961,MA1587.1,-,1.25e-07,SVA_A,SVA_A,SVA
chr5,157575352,157575366,MA1587.1,-,1.25e-07,SVA_A,SVA_A,SVA
chr6,158774488,158774502,MA1587.1,+,1.25e-07,SVA_A,SVA_A,SVA
chr6,158775850,158775864,MA1587.1,+,1.25e-07,SVA_A,SVA_A,SVA
chr4,159422094,159422108,MA1587.1,-,1.25e-07,SVA_A,SVA_A,SVA
chr4,159928589,159928603,MA1587.1,-,1.25e-07,SVA_A,SVA_A,SVA
chr6,161131729,161131743,MA1587.1,-,1.25e-07,SVA_A,SVA_A,SVA
chr6,161759786,161759800,MA1587.1,-,1.25e-07,SVA_A,SVA_A,SVA
chr6,162910146,162910160,MA1587.1,+,1.25e-07,SVA_A,SVA_A,SVA
chr6,162927519,162927533,MA1587.1,+,1.25e-07,SVA_A,SVA_A,SVA
chr3,163000887,163000901,MA1587.1,-,1.25e-07,SVA_A,SVA_A,SVA
chr6,163397997,163398011,MA1587.1,+,1.25e-07,SVA_A,SVA_A,SVA
chr6,164424117,164424131,MA1587.1,+,1.25e-07,SVA_A,SVA_A,SVA
chr1,167495435,167495449,MA1587.1,-,1.25e-07,SVA_A,SVA_A,SVA
chr6,171016777,171016791,MA1587.1,-,1.25e-07,SVA_A,SVA_A,SVA
chr4,171185728,171185742,MA1587.1,+,1.25e-07,SVA_A,SVA_A,SVA
chr3,173450206,173450220,MA1587.1,+,1.25e-07,SVA_A,SVA_A,SVA
chr3,173738688,173738702,MA1587.1,-,1.25e-07,SVA_A,SVA_A,SVA
chr1,174186025,174186039,MA1587.1,-,1.25e-07,SVA_A,SVA_A,SVA
chr1,174766425,174766439,MA1587.1,-,1.25e-07,SVA_A,SVA_A,SVA
chr4,175639287,175639301,MA1587.1,+,1.25e-07,SVA_A,SVA_A,SVA
chr4,175685548,175685562,MA1587.1,-,1.25e-07,SVA_A,SVA_A,SVA
chr1,176238098,176238112,MA1587.1,-,1.25e-07,SVA_A,SVA_A,SVA
chr4,177052005,177052019,MA1587.1,-,1.25e-07,SVA_A,SVA_A,SVA
chr1,177554381,177554395,MA1587.1,+,1.25e-07,SVA_A,SVA_A,SVA
chr5,177649352,177649366,MA1587.1,+,1.25e-07,SVA_A,SVA_A,SVA
chr5,179114808,179114822,MA1587.1,+,1.25e-07,SVA_A,SVA_A,SVA
chr5,179176298,179176312,MA1587.1,+,1.25e-07,SVA_A,SVA_A,SVA
chr5,179651496,179651510,MA1587.1,+,1.25e-07,SVA_A,SVA_A,SVA
chr4,180363891,180363905,MA1587.1,+,1.25e-07,SVA_A,SVA_A,SVA
chr3,183937506,183937520,MA1587.1,-,1.25e-07,SVA_A,SVA_A,SVA
chr1,184362643,184362657,MA1587.1,+,1.25e-07,SVA_A,SVA_A,SVA
chr3,186769808,186769822,MA1587.1,+,1.25e-07,SVA_A,SVA_A,SVA
chr1,187487808,187487822,MA1587.1,-,1.25e-07,SVA_A,SVA_A,SVA
chr1,187491489,187491503,MA1587.1,-,1.25e-07,SVA_A,SVA_A,SVA
chr1,189183220,189183234,MA1587.1,+,1.25e-07,SVA_A,SVA_A,SVA
chr1,190024536,190024550,MA1587.1,+,1.25e-07,SVA_A,SVA_A,SVA
chr3,190777700,190777714,MA1587.1,-,1.25e-07,SVA_A,SVA_A,SVA
chr4,191206036,191206050,MA1587.1,-,1.25e-07,SVA_A,SVA_A,SVA
chr4,191496094,191496108,MA1587.1,+,1.25e-07,SVA_A,SVA_A,SVA
chr1,192219352,192219366,MA1587.1,+,1.25e-07,SVA_A,SVA_A,SVA
chr1,192397904,192397918,MA1587.1,-,1.25e-07,SVA_A,SVA_A,SVA
chr1,192398868,192398882,MA1587.1,-,1.25e-07,SVA_A,SVA_A,SVA
chr4,193475018,193475032,MA1587.1,-,1.25e-07,SVA_A,SVA_A,SVA
chr1,195425549,195425563,MA1587.1,-,1.25e-07,SVA_A,SVA_A,SVA
chr3,199385535,199385549,MA1587.1,+,1.25e-07,SVA_A,SVA_A,SVA
chr3,199401697,199401711,MA1587.1,+,1.25e-07,SVA_A,SVA_A,SVA
chr3,200706706,200706720,MA1587.1,+,1.25e-07,SVA_A,SVA_A,SVA
chr3,200708077,200708091,MA1587.1,+,1.25e-07,SVA_A,SVA_A,SVA
chr1,201034126,201034140,MA1587.1,-,1.25e-07,SVA_A,SVA_A,SVA
chr3,201131592,201131606,MA1587.1,+,1.25e-07,SVA_A,SVA_A,SVA
chr1,202463772,202463786,MA1587.1,-,1.25e-07,SVA_A,SVA_A,SVA
chr1,204155268,204155282,MA1587.1,-,1.25e-07,SVA_A,SVA_A,SVA
chr1,210080279,210080293,MA1587.1,-,1.25e-07,SVA_A,SVA_A,SVA
chr1,213583832,213583846,MA1587.1,+,1.25e-07,SVA_A,SVA_A,SVA
chr1,215997693,215997707,MA1587.1,+,1.25e-07,SVA_A,SVA_A,SVA
chr1,218973415,218973429,MA1587.1,+,1.25e-07,SVA_A,SVA_A,SVA
chr1,220847107,220847121,MA1587.1,+,1.25e-07,SVA_A,SVA_A,SVA
chr1,221949617,221949631,MA1587.1,-,1.25e-07,SVA_A,SVA_A,SVA
chr1,204523880,204523894,MA1587.1,-,1.28e-07,LTR16E1,ERVL,LTR
chr2a_random,365704,365718,MA1587.1,+,1.34e-07,SVA_A,SVA_A,SVA
chr3,1916808,1916822,MA1587.1,+,1.34e-07,MIRb,MIR,SINE
chr1_random,4163016,4163030,MA1587.1,+,1.34e-07,SVA_A,SVA_A,SVA
chr19_random,5898707,5898721,MA1587.1,-,1.34e-07,SVA_A,SVA_A,SVA
chr5_random,6457633,6457647,MA1587.1,-,1.34e-07,SVA_A,SVA_A,SVA
chr3,9310577,9310591,MA1587.1,-,1.34e-07,MER74A,ERVL,LTR
chr1_random,10648564,10648578,MA1587.1,-,1.34e-07,SVA_A,SVA_A,SVA
chr20,14797810,14797824,MA1587.1,-,1.34e-07,MER74A,ERVL,LTR
chr13,20250017,20250031,MA1587.1,+,1.34e-07,SVA_A,SVA_A,SVA
chr6,20992842,20992856,MA1587.1,+,1.34e-07,SVA_A,SVA_A,SVA
chr8,21120663,21120677,MA1587.1,+,1.34e-07,MER21C,ERVL,LTR
chr17,21824242,21824256,MA1587.1,-,1.34e-07,SVA_A,SVA_A,SVA
chrUn,21969242,21969256,MA1587.1,+,1.34e-07,SVA_A,SVA_A,SVA
chr7,22398954,22398968,MA1587.1,+,1.34e-07,SVA_A,SVA_A,SVA
chr19,23333197,23333211,MA1587.1,+,1.34e-07,SVA_A,SVA_A,SVA
chr19,23901296,23901310,MA1587.1,-,1.34e-07,SVA_A,SVA_A,SVA
chrUn,25894011,25894025,MA1587.1,-,1.34e-07,SVA_A,SVA_A,SVA
chrUn,28447661,28447675,MA1587.1,+,1.34e-07,SVA_A,SVA_A,SVA
chr21,29707275,29707289,MA1587.1,-,1.34e-07,SVA_A,SVA_A,SVA
chr19,31754911,31754925,MA1587.1,-,1.34e-07,MIRb,MIR,SINE
chr10_random,38016681,38016695,MA1587.1,-,1.34e-07,SVA_A,SVA_A,SVA
chr19,44688547,44688561,MA1587.1,+,1.34e-07,SVA_A,SVA_A,SVA
chr5,49217694,49217708,MA1587.1,-,1.34e-07,SVA_A,SVA_A,SVA
chr6,53622725,53622739,MA1587.1,+,1.34e-07,SVA_A,SVA_A,SVA
chr14,53911870,53911884,MA1587.1,-,1.34e-07,SVA_A,SVA_A,SVA
chr14,53915630,53915644,MA1587.1,-,1.34e-07,SVA_A,SVA_A,SVA
chr8,54230868,54230882,MA1587.1,-,1.34e-07,SVA_A,SVA_A,SVA
chr20,54466994,54467008,MA1587.1,-,1.34e-07,SVA_A,SVA_A,SVA
chr2b,54649710,54649724,MA1587.1,+,1.34e-07,SVA_A,SVA_A,SVA
chr2a,54891036,54891050,MA1587.1,+,1.34e-07,SVA_A,SVA_A,SVA
chr8,60667924,60667938,MA1587.1,-,1.34e-07,SVA_A,SVA_A,SVA
chr2b,62044993,62045007,MA1587.1,-,1.34e-07,SVA_A,SVA_A,SVA
chr4,62495365,62495379,MA1587.1,-,1.34e-07,SVA_A,SVA_A,SVA
chr2a,67391271,67391285,MA1587.1,+,1.34e-07,SVA_A,SVA_A,SVA
chr18,70772646,70772660,MA1587.1,-,1.34e-07,SVA_A,SVA_A,SVA
chrX,71651163,71651177,MA1587.1,-,1.34e-07,SVA_A,SVA_A,SVA
chr8,72087919,72087933,MA1587.1,+,1.34e-07,SVA_A,SVA_A,SVA
chr15,75005675,75005689,MA1587.1,+,1.34e-07,SVA_A,SVA_A,SVA
chrX,78812325,78812339,MA1587.1,-,1.34e-07,SVA_A,SVA_A,SVA
chr5,80517409,80517423,MA1587.1,-,1.34e-07,SVA_A,SVA_A,SVA
chr15,81537458,81537472,MA1587.1,+,1.34e-07,SVA_A,SVA_A,SVA
chr1,91707109,91707123,MA1587.1,+,1.34e-07,SVA_A,SVA_A,SVA
chr10,100525952,100525966,MA1587.1,-,1.34e-07,SVA_A,SVA_A,SVA
chr2b,131022595,131022609,MA1587.1,+,1.34e-07,MIRb,MIR,SINE
chr1,133467870,133467884,MA1587.1,+,1.34e-07,SVA_A,SVA_A,SVA
chr5,160282271,160282285,MA1587.1,+,1.34e-07,SVA_A,SVA_A,SVA
chr1,186847988,186848002,MA1587.1,-,1.34e-07,SVA_A,SVA_A,SVA
chr1,219185715,219185729,MA1587.1,-,1.34e-07,SVA_A,SVA_A,SVA
chr1,219286025,219286039,MA1587.1,+,1.34e-07,SVA_A,SVA_A,SVA
chr15,86145822,86145836,MA1587.1,-,1.39e-07,MIRb,MIR,SINE
chr2a,6267492,6267506,MA1587.1,+,1.43e-07,L1M4b,L1,LINE
chr1,22793867,22793881,MA1587.1,+,1.43e-07,MER21B,ERVL,LTR
chr12,32875410,32875424,MA1587.1,-,1.43e-07,MER21B,ERVL,LTR
chr1,38770460,38770474,MA1587.1,-,1.43e-07,MLT1F2,ERVL-MaLR,LTR
chr17,54741896,54741910,MA1587.1,-,1.43e-07,L2c,L2,LINE
chr17,67048319,67048333,MA1587.1,-,1.43e-07,AluJo,Alu,SINE
chr12,68402523,68402537,MA1587.1,-,1.43e-07,L2,L2,LINE
chr8,75706052,75706066,MA1587.1,-,1.43e-07,L2c,L2,LINE
chr2b,90404109,90404123,MA1587.1,-,1.43e-07,L2c,L2,LINE
chr2b,104621348,104621362,MA1587.1,-,1.43e-07,MER1B,hAT-Charlie,DNA
chr5,140485078,140485092,MA1587.1,+,1.43e-07,L2a,L2,LINE
chr13,30338379,30338393,MA1587.1,-,1.46e-07,L2,L2,LINE
chr3,43128332,43128346,MA1587.1,+,1.46e-07,L2c,L2,LINE
chr5_random,13252886,13252900,MA1587.1,+,1.49e-07,SVA_A,SVA_A,SVA
chr4_random,2313439,2313453,MA1587.1,+,1.59e-07,MER57-int,ERV1,LTR
chr19,5248895,5248909,MA1587.1,+,1.61e-07,MIRb,MIR,SINE
chr18,20376824,20376838,MA1587.1,-,1.61e-07,MLT1F,ERVL-MaLR,LTR
chr3,129781185,129781199,MA1587.1,-,1.61e-07,L1MDb,L1,LINE
chr1,3041694,3041708,MA1587.1,-,1.64e-07,L2c,L2,LINE
chr16,12387016,12387030,MA1587.1,+,1.64e-07,MER5A1,hAT-Charlie,DNA
chr6,21484701,21484715,MA1587.1,-,1.64e-07,L2a,L2,LINE
chr10,41892457,41892471,MA1587.1,+,1.64e-07,AluJo,Alu,SINE
chr15,74516482,74516496,MA1587.1,+,1.64e-07,MIRb,MIR,SINE
chr15,76667124,76667138,MA1587.1,-,1.64e-07,LTR16C,ERVL,LTR
chr1,136778281,136778295,MA1587.1,+,1.64e-07,Charlie1a,hAT-Charlie,DNA
chr17,7267377,7267391,MA1587.1,-,1.66e-07,L2c,L2,LINE
chr2b,63842612,63842626,MA1587.1,-,1.66e-07,MER21B,ERVL,LTR
chr15,74557232,74557246,MA1587.1,-,1.71e-07,MER5A,hAT-Charlie,DNA
chr1,99191285,99191299,MA1587.1,+,1.71e-07,HUERS-P2-int,ERV1,LTR
chr11,18942149,18942163,MA1587.1,+,1.75e-07,L2b,L2,LINE
chr18,57457863,57457877,MA1587.1,-,1.75e-07,MARNA,TcMar-Mariner,DNA
chr4_random,22043921,22043935,MA1587.1,+,1.79e-07,L2c,L2,LINE
chr4,27636031,27636045,MA1587.1,+,1.79e-07,L2c,L2,LINE
chr4,4806733,4806747,MA1587.1,+,1.81e-07,MLT1C,ERVL-MaLR,LTR
chr13,101081762,101081776,MA1587.1,-,1.81e-07,MER5A,hAT-Charlie,DNA
chr13,112772573,112772587,MA1587.1,-,1.81e-07,MER5A,hAT-Charlie,DNA
chr5,159764479,159764493,MA1587.1,-,1.81e-07,MER5A,hAT-Charlie,DNA
chr17_random,7787101,7787115,MA1587.1,+,1.91e-07,MER102a,hAT-Charlie,DNA
chr12_random,10039958,10039972,MA1587.1,-,1.91e-07,MLT1H,ERVL-MaLR,LTR
chrX,12062787,12062801,MA1587.1,-,1.91e-07,MLT1K,ERVL-MaLR,LTR
chr9,89528060,89528074,MA1587.1,-,1.91e-07,L2a,L2,LINE
chr7,144998591,144998605,MA1587.1,-,1.95e-07,L2a,L2,LINE
chr1_random,12148798,12148812,MA1587.1,+,2.1e-07,SVA_A,SVA_A,SVA
chr2b,18036864,18036878,MA1587.1,-,2.1e-07,MER68-int,ERVL,LTR
chr2b,18040265,18040279,MA1587.1,-,2.1e-07,MER68-int,ERVL,LTR
chr8,21788134,21788148,MA1587.1,+,2.1e-07,MLT1A0,ERVL-MaLR,LTR
chr17,42125230,42125244,MA1587.1,+,2.1e-07,SVA_A,SVA_A,SVA
chr12,43354042,43354056,MA1587.1,-,2.1e-07,MER68,ERVL,LTR
chr3,45249947,45249961,MA1587.1,-,2.1e-07,L2,L2,LINE
chr14,74480308,74480322,MA1587.1,+,2.1e-07,LTR48,ERV1,LTR
chr1,99483363,99483377,MA1587.1,+,2.1e-07,MER5A,hAT-Charlie,DNA
chr4,111558942,111558956,MA1587.1,-,2.1e-07,LOR1a,ERV1,LTR
chr1,116267080,116267094,MA1587.1,-,2.1e-07,L2,L2,LINE
chr4,145101298,145101312,MA1587.1,-,2.1e-07,L2a,L2,LINE
chr3,158796917,158796931,MA1587.1,+,2.1e-07,L2a,L2,LINE
chr5,174608417,174608431,MA1587.1,+,2.1e-07,MLT1F,ERVL-MaLR,LTR
chr19,12959638,12959652,MA1587.1,-,2.17e-07,MIR,MIR,SINE
chr14,20128693,20128707,MA1587.1,+,2.17e-07,MER89-int,ERV1,LTR
chr4,51132234,51132248,MA1587.1,-,2.17e-07,LTR36,ERV1,LTR
chr4,190883695,190883709,MA1587.1,-,2.17e-07,MLT1K,ERVL-MaLR,LTR
chr22,18313446,18313460,MA1587.1,-,2.21e-07,MIRc,MIR,SINE
