"geneName","teName","chr","start","end","rest","coef","teName.y","pair","V1","V2","V3","V4","V5","V6"
"ZNF182","chr1|226171404|226171665|L1MEf:L1:LINE|229|+","chr1",226171404,226171665,"L1MEf:L1:LINE",0.877180531074687,"L1MEf","L1MEf:ZNF182","chr1",226171569,226171848,"MACS_peak_1791",141.88,"+"
"ZNF182","chr1|226171665|226171969|AluSq2:Alu:SINE|102|+","chr1",226171665,226171969,"AluSq2:Alu:SINE",0.874542696046735,"AluSq2","AluSq2:ZNF182","chr1",226171569,226171848,"MACS_peak_1791",141.88,"+"
"ZNF182","chr12|96709720|96715749|L1PA2:L1:LINE|13|+","chr12",96709720,96715749,"L1PA2:L1:LINE",-0.903777763766672,"L1PA2","L1PA2:ZNF182","chr12",96709896,96710163,"MACS_peak_372",89.37,"+"
"ZNF337","chr10|1048436|1051069|L1M2a:L1:LINE|199|-","chr10",1048436,1051069,"L1M2a:L1:LINE",-0.920025627044378,"L1M2a","L1M2a:ZNF337","chr10",1048462,1048681,"MACS_peak_574",721,"+"
"ZNF85","chr8|70755535|70761658|L1PA5:L1:LINE|67|+","chr8",70755535,70761658,"L1PA5:L1:LINE",0.954143479187399,"L1PA5","L1PA5:ZNF85","chr8",70757209,70757396,"MACS_peak_10429",254.12,"+"
"ZNF337","chr10|1048436|1051069|L1M2a:L1:LINE|199|-","chr10",1048436,1051069,"L1M2a:L1:LINE",-0.920025627044378,"L1M2a","L1M2a:ZNF337","chr10",1048587,1048791,"MACS_peak_1190",1526.91,"+"
"ZNF93","chr8|70755535|70761658|L1PA5:L1:LINE|67|+","chr8",70755535,70761658,"L1PA5:L1:LINE",0.97527204578855,"L1PA5","L1PA5:ZNF93","chr8",70757209,70757396,"MACS_peak_10429",254.12,"+"
"ZNF626","chr8|70755535|70761658|L1PA5:L1:LINE|67|+","chr8",70755535,70761658,"L1PA5:L1:LINE",-0.946809389771217,"L1PA5","L1PA5:ZNF626","chr8",70757209,70757396,"MACS_peak_10429",254.12,"+"
"ZNF331","chr1|9783527|9784008|MLT1H:ERVL-MaLR:LTR|253|-","chr1",9783527,9784008,"MLT1H:ERVL-MaLR:LTR",-0.957082047141728,"MLT1H","MLT1H:ZNF331","chr1",9783567,9783710,"MACS_peak_10",727.98,"+"
"ZNF93","chr2|65118160|65124209|L1PA5:L1:LINE|64|+","chr2",65118160,65124209,"L1PA5:L1:LINE",0.914879604568469,"L1PA5","L1PA5:ZNF93","chr2",65118470,65118711,"MACS_peak_5446",258.99,"+"
"ZNF85","chr1|174510926|174514856|L1PA5:L1:LINE|78|-","chr1",174510926,174514856,"L1PA5:L1:LINE",0.974902660182683,"L1PA5","L1PA5:ZNF85","chr1",174511452,174511640,"MACS_peak_1278",953.89,"+"
"ZNF85","chr2|24318027|24324128|L1PA6:L1:LINE|63|+","chr2",24318027,24324128,"L1PA6:L1:LINE",0.940103508996108,"L1PA6","L1PA6:ZNF85","chr2",24321185,24321455,"MACS_peak_8953",148.8,"+"
"ZNF182","chr2|37431413|37431718|AluSc:Alu:SINE|92|-","chr2",37431413,37431718,"AluSc:Alu:SINE",0.929652887164945,"AluSc","AluSc:ZNF182","chr2",37431230,37431457,"MACS_peak_9052",229.5,"+"
"ZNF222","chr17|67070399|67073893|L1PA16:L1:LINE|165|-","chr17",67070399,67073893,"L1PA16:L1:LINE",0.913498076658246,"L1PA16","L1PA16:ZNF222","chr17",67072890,67073142,"MACS_peak_7897",180.56,"+"
"ZNF222","chr2|29017734|29020646|L1PA16:L1:LINE|112|-","chr2",29017734,29020646,"L1PA16:L1:LINE",0.984849268182723,"L1PA16","L1PA16:ZNF222","chr2",29020418,29020634,"MACS_peak_8987",960.87,"+"
"ZNF354A","chr2|24318027|24324128|L1PA6:L1:LINE|63|+","chr2",24318027,24324128,"L1PA6:L1:LINE",0.881016663744863,"L1PA6","L1PA6:ZNF354A","chr2",24321185,24321455,"MACS_peak_8953",148.8,"+"
"ZNF93","chr1|174510926|174514856|L1PA5:L1:LINE|78|-","chr1",174510926,174514856,"L1PA5:L1:LINE",0.932643243697144,"L1PA5","L1PA5:ZNF93","chr1",174511452,174511640,"MACS_peak_1278",953.89,"+"
"ZNF93","chr9|94976690|94982694|L1PA2:L1:LINE|24|+","chr9",94976690,94982694,"L1PA2:L1:LINE",-0.885045486712947,"L1PA2","L1PA2:ZNF93","chr9",94979831,94979989,"MACS_peak_19929",126.32,"+"
"ZNF17","chr3|119282027|119288164|L1PA5:L1:LINE|60|-","chr3",119282027,119288164,"L1PA5:L1:LINE",0.879400713977933,"L1PA5","L1PA5:ZNF17","chr3",119284779,119285032,"MACS_peak_12277",222.02,"+"
"ZNF626","chr1|174510926|174514856|L1PA5:L1:LINE|78|-","chr1",174510926,174514856,"L1PA5:L1:LINE",-0.903719780354394,"L1PA5","L1PA5:ZNF626","chr1",174511452,174511640,"MACS_peak_1278",953.89,"+"
"ZNF765","chr1|174510926|174514856|L1PA5:L1:LINE|78|-","chr1",174510926,174514856,"L1PA5:L1:LINE",0.923057220515318,"L1PA5","L1PA5:ZNF765","chr1",174511452,174511640,"MACS_peak_1278",953.89,"+"
"ZNF765","chr2|24318027|24324128|L1PA6:L1:LINE|63|+","chr2",24318027,24324128,"L1PA6:L1:LINE",0.948698602920326,"L1PA6","L1PA6:ZNF765","chr2",24321185,24321455,"MACS_peak_8953",148.8,"+"
"ZNF765","chr8|11672377|11678511|L1PA6:L1:LINE|85|-","chr8",11672377,11678511,"L1PA6:L1:LINE",0.958761325946473,"L1PA6","L1PA6:ZNF765","chr8",11675149,11675251,"MACS_peak_18453",192.33,"+"
"ZNF85","chr1|174510926|174514856|L1PA5:L1:LINE|78|-","chr1",174510926,174514856,"L1PA5:L1:LINE",0.974902660182683,"L1PA5","L1PA5:ZNF85","chr1",174511458,174511725,"MACS_peak_1477",869.77,"+"
"ZNF85","chr2|24318027|24324128|L1PA6:L1:LINE|63|+","chr2",24318027,24324128,"L1PA6:L1:LINE",0.940103508996108,"L1PA6","L1PA6:ZNF85","chr2",24321206,24321492,"MACS_peak_9402",283.69,"+"
"ZNF85","chr8|70755535|70761658|L1PA5:L1:LINE|67|+","chr8",70755535,70761658,"L1PA5:L1:LINE",0.954143479187399,"L1PA5","L1PA5:ZNF85","chr8",70758740,70758938,"MACS_peak_20059",158.46,"+"
"ZNF182","chr2|37431413|37431718|AluSc:Alu:SINE|92|-","chr2",37431413,37431718,"AluSc:Alu:SINE",0.929652887164945,"AluSc","AluSc:ZNF182","chr2",37431193,37431477,"MACS_peak_9517",551,"+"
"ZNF222","chr17|67070399|67073893|L1PA16:L1:LINE|165|-","chr17",67070399,67073893,"L1PA16:L1:LINE",0.913498076658246,"L1PA16","L1PA16:ZNF222","chr17",67072868,67073031,"MACS_peak_8129",301.93,"+"
"ZNF222","chr2|29017734|29020646|L1PA16:L1:LINE|112|-","chr2",29017734,29020646,"L1PA16:L1:LINE",0.984849268182723,"L1PA16","L1PA16:ZNF222","chr2",29020381,29020658,"MACS_peak_9445",1379.24,"+"
"ZNF354A","chr2|24318027|24324128|L1PA6:L1:LINE|63|+","chr2",24318027,24324128,"L1PA6:L1:LINE",0.881016663744863,"L1PA6","L1PA6:ZNF354A","chr2",24321206,24321492,"MACS_peak_9402",283.69,"+"
"ZNF93","chr1|174510926|174514856|L1PA5:L1:LINE|78|-","chr1",174510926,174514856,"L1PA5:L1:LINE",0.932643243697144,"L1PA5","L1PA5:ZNF93","chr1",174511458,174511725,"MACS_peak_1477",869.77,"+"
"ZNF93","chr8|70755535|70761658|L1PA5:L1:LINE|67|+","chr8",70755535,70761658,"L1PA5:L1:LINE",0.97527204578855,"L1PA5","L1PA5:ZNF93","chr8",70758740,70758938,"MACS_peak_20059",158.46,"+"
"ZNF93","chr9|94976690|94982694|L1PA2:L1:LINE|24|+","chr9",94976690,94982694,"L1PA2:L1:LINE",-0.885045486712947,"L1PA2","L1PA2:ZNF93","chr9",94979774,94980023,"MACS_peak_21122",107.79,"+"
"ZNF17","chr3|119282027|119288164|L1PA5:L1:LINE|60|-","chr3",119282027,119288164,"L1PA5:L1:LINE",0.879400713977933,"L1PA5","L1PA5:ZNF17","chr3",119284769,119284934,"MACS_peak_13445",137.48,"+"
"ZNF626","chr1|174510926|174514856|L1PA5:L1:LINE|78|-","chr1",174510926,174514856,"L1PA5:L1:LINE",-0.903719780354394,"L1PA5","L1PA5:ZNF626","chr1",174511458,174511725,"MACS_peak_1477",869.77,"+"
"ZNF626","chr8|70755535|70761658|L1PA5:L1:LINE|67|+","chr8",70755535,70761658,"L1PA5:L1:LINE",-0.946809389771217,"L1PA5","L1PA5:ZNF626","chr8",70758740,70758938,"MACS_peak_20059",158.46,"+"
"ZNF765","chr1|174510926|174514856|L1PA5:L1:LINE|78|-","chr1",174510926,174514856,"L1PA5:L1:LINE",0.923057220515318,"L1PA5","L1PA5:ZNF765","chr1",174511458,174511725,"MACS_peak_1477",869.77,"+"
"ZNF765","chr2|24318027|24324128|L1PA6:L1:LINE|63|+","chr2",24318027,24324128,"L1PA6:L1:LINE",0.948698602920326,"L1PA6","L1PA6:ZNF765","chr2",24321206,24321492,"MACS_peak_9402",283.69,"+"
"ZNF765","chr8|11672377|11678511|L1PA6:L1:LINE|85|-","chr8",11672377,11678511,"L1PA6:L1:LINE",0.958761325946473,"L1PA6","L1PA6:ZNF765","chr8",11675162,11675317,"MACS_peak_19641",112.9,"+"
"ZNF558","chr1|1252801|1253088|L1MEg:L1:LINE|311|+","chr1",1252801,1253088,"L1MEg:L1:LINE",-0.881239635287381,"L1MEg","L1MEg:ZNF558","chr1",1252945,1253054,"MACS_peak_21",277.44,"+"
"ZNF182","chr4|95586352|95586657|AluSc:Alu:SINE|95|+","chr4",95586352,95586657,"AluSc:Alu:SINE",0.874553872881428,"AluSc","AluSc:ZNF182","chr4",95586548,95586692,"MACS_peak_7686",255.81,"+"
"ZNF778","chr2|206979996|206980286|MLT1A1:ERVL-MaLR:LTR|196|+","chr2",206979996,206980286,"MLT1A1:ERVL-MaLR:LTR",0.982924103275115,"MLT1A1","MLT1A1:ZNF778","chr2",206980134,206980246,"MACS_peak_5868",2019.67,"+"
"ZNF441","chr4|95586352|95586657|AluSc:Alu:SINE|95|+","chr4",95586352,95586657,"AluSc:Alu:SINE",0.922175995940202,"AluSc","AluSc:ZNF441","chr4",95586548,95586692,"MACS_peak_7686",255.81,"+"
"ZNF441","chr19|12743311|12743622|AluSx1:Alu:SINE|138|+","chr19",12743311,12743622,"AluSx1:Alu:SINE",0.922549325364315,"AluSx1","AluSx1:ZNF441","chr19",12743539,12743880,"MACS_peak_18642",165.91,"+"
"ZNF441","chr19|37036147|37036445|AluSp:Alu:SINE|104|+","chr19",37036147,37036445,"AluSp:Alu:SINE",0.917062685510189,"AluSp","AluSp:ZNF441","chr19",37036160,37036196,"MACS_peak_19259",95.12,"+"
"ZNF182","chr4|95586352|95586657|AluSc:Alu:SINE|95|+","chr4",95586352,95586657,"AluSc:Alu:SINE",0.874553872881428,"AluSc","AluSc:ZNF182","chr4",95586548,95586692,"MACS_peak_7686",255.81,"+"
"ZNF778","chr2|206979996|206980286|MLT1A1:ERVL-MaLR:LTR|196|+","chr2",206979996,206980286,"MLT1A1:ERVL-MaLR:LTR",0.982924103275115,"MLT1A1","MLT1A1:ZNF778","chr2",206980134,206980246,"MACS_peak_5868",2019.67,"+"
"ZNF441","chr4|95586352|95586657|AluSc:Alu:SINE|95|+","chr4",95586352,95586657,"AluSc:Alu:SINE",0.922175995940202,"AluSc","AluSc:ZNF441","chr4",95586548,95586692,"MACS_peak_7686",255.81,"+"
"ZNF135","chr7|2402806|2403119|AluJo:Alu:SINE|128|+","chr7",2402806,2403119,"AluJo:Alu:SINE",0.898634560783411,"AluJo","AluJo:ZNF135","chr7",2402881,2403093,"MACS_peak_4055",243.62,"+"
"ZNF182","chr20|3852804|3853088|AluJr4:Alu:SINE|172|+","chr20",3852804,3853088,"AluJr4:Alu:SINE",0.895742021639616,"AluJr4","AluJr4:ZNF182","chr20",3852575,3852805,"MACS_peak_3489",240.69,"+"
"ZNF85","chr2|24318027|24324128|L1PA6:L1:LINE|63|+","chr2",24318027,24324128,"L1PA6:L1:LINE",0.940103508996108,"L1PA6","L1PA6:ZNF85","chr2",24318732,24318880,"MACS_peak_3930",152.86,"+"
"ZNF85","chr8|91057493|91063412|L1PA5:L1:LINE|70|+","chr8",91057493,91063412,"L1PA5:L1:LINE",0.950919638585055,"L1PA5","L1PA5:ZNF85","chr8",91058056,91058287,"MACS_peak_7918",123.35,"+"
"ZNF354A","chr2|24318027|24324128|L1PA6:L1:LINE|63|+","chr2",24318027,24324128,"L1PA6:L1:LINE",0.881016663744863,"L1PA6","L1PA6:ZNF354A","chr2",24318732,24318880,"MACS_peak_3930",152.86,"+"
"ZNF93","chr8|91057493|91063412|L1PA5:L1:LINE|70|+","chr8",91057493,91063412,"L1PA5:L1:LINE",0.897072069361043,"L1PA5","L1PA5:ZNF93","chr8",91058056,91058287,"MACS_peak_7918",123.35,"+"
"ZNF626","chr8|91057493|91063412|L1PA5:L1:LINE|70|+","chr8",91057493,91063412,"L1PA5:L1:LINE",-0.875012294007958,"L1PA5","L1PA5:ZNF626","chr8",91058056,91058287,"MACS_peak_7918",123.35,"+"
"ZNF765","chr2|24318027|24324128|L1PA6:L1:LINE|63|+","chr2",24318027,24324128,"L1PA6:L1:LINE",0.948698602920326,"L1PA6","L1PA6:ZNF765","chr2",24318732,24318880,"MACS_peak_3930",152.86,"+"
"ZNF765","chr8|11672377|11678511|L1PA6:L1:LINE|85|-","chr8",11672377,11678511,"L1PA6:L1:LINE",0.958761325946473,"L1PA6","L1PA6:ZNF765","chr8",11677618,11677786,"MACS_peak_7708",633.06,"+"
"ZNF765","chr8|91057493|91063412|L1PA5:L1:LINE|70|+","chr8",91057493,91063412,"L1PA5:L1:LINE",0.95203364562451,"L1PA5","L1PA5:ZNF765","chr8",91058056,91058287,"MACS_peak_7918",123.35,"+"
"ZNF441","chr8|144777595|144777752|AluSp:Alu:SINE|89|+","chr8",144777595,144777752,"AluSp:Alu:SINE",0.935739835261354,"AluSp","AluSp:ZNF441","chr8",144777457,144778382,"MACS_peak_10955",389.38,"+"
"ZNF93","chr11|108144357|108148562|L1P3:L1:LINE|89|-","chr11",108144357,108148562,"L1P3:L1:LINE",0.92189579851986,"L1P3","L1P3:ZNF93","chr11",108147516,108147708,"MACS_peak_1378",549.57,"+"
"ZNF84","chr11|108144357|108148562|L1P3:L1:LINE|89|-","chr11",108144357,108148562,"L1P3:L1:LINE",-0.928125878931304,"L1P3","L1P3:ZNF84","chr11",108147516,108147708,"MACS_peak_1378",549.57,"+"
"ZNF182","chr1|226171665|226171969|AluSq2:Alu:SINE|102|+","chr1",226171665,226171969,"AluSq2:Alu:SINE",0.874542696046735,"AluSq2","AluSq2:ZNF182","chr1",226171746,226171918,"MACS_peak_1714",99.01,"+"
"ZNF182","chr1|226171665|226171969|AluSq2:Alu:SINE|102|+","chr1",226171665,226171969,"AluSq2:Alu:SINE",0.874542696046735,"AluSq2","AluSq2:ZNF182","chr1",226171746,226171918,"MACS_peak_1714",99.01,"+"
"ZNF441","chr9|139695877|139696176|AluSz:Alu:SINE|130|+","chr9",139695877,139696176,"AluSz:Alu:SINE",0.899070269688304,"AluSz","AluSz:ZNF441","chr9",139695624,139696077,"MACS_peak_3422",205.81,"+"
"ZNF565","chr19|1597354|1597871|MLT1F:ERVL-MaLR:LTR|230|+","chr19",1597354,1597871,"MLT1F:ERVL-MaLR:LTR",0.986911059070158,"MLT1F","MLT1F:ZNF565","chr19",1597456,1597653,"MACS_peak_9916",187.04,"+"
"ZNF615","chr19|1597354|1597871|MLT1F:ERVL-MaLR:LTR|230|+","chr19",1597354,1597871,"MLT1F:ERVL-MaLR:LTR",0.896054932612484,"MLT1F","MLT1F:ZNF615","chr19",1597456,1597653,"MACS_peak_9916",187.04,"+"
"ZNF69","chr1|181028515|181029064|MLT1G3:ERVL-MaLR:LTR|258|-","chr1",181028515,181029064,"MLT1G3:ERVL-MaLR:LTR",-0.881985224799234,"MLT1G3","MLT1G3:ZNF69","chr1",181028651,181028802,"MACS_peak_1618",472.72,"+"
"ZNF85","chr3|120451396|120457470|L1PA5:L1:LINE|66|-","chr3",120451396,120457470,"L1PA5:L1:LINE",0.93927912938446,"L1PA5","L1PA5:ZNF85","chr3",120456853,120457067,"MACS_peak_4954",1145.76,"+"
"ZNF85","chr8|70755535|70761658|L1PA5:L1:LINE|67|+","chr8",70755535,70761658,"L1PA5:L1:LINE",0.954143479187399,"L1PA5","L1PA5:ZNF85","chr8",70755980,70756172,"MACS_peak_7353",1319.82,"+"
"ZNF382","chr3|120451396|120457470|L1PA5:L1:LINE|66|-","chr3",120451396,120457470,"L1PA5:L1:LINE",-0.906211391669222,"L1PA5","L1PA5:ZNF382","chr3",120456853,120457067,"MACS_peak_4954",1145.76,"+"
"ZNF93","chr2|65118160|65124209|L1PA5:L1:LINE|64|+","chr2",65118160,65124209,"L1PA5:L1:LINE",0.914879604568469,"L1PA5","L1PA5:ZNF93","chr2",65118626,65118847,"MACS_peak_3811",487.49,"+"
"ZNF93","chr3|120451396|120457470|L1PA5:L1:LINE|66|-","chr3",120451396,120457470,"L1PA5:L1:LINE",0.960698364070288,"L1PA5","L1PA5:ZNF93","chr3",120456853,120457067,"MACS_peak_4954",1145.76,"+"
"ZNF93","chr8|70755535|70761658|L1PA5:L1:LINE|67|+","chr8",70755535,70761658,"L1PA5:L1:LINE",0.97527204578855,"L1PA5","L1PA5:ZNF93","chr8",70755980,70756172,"MACS_peak_7353",1319.82,"+"
"ZNF626","chr3|120451396|120457470|L1PA5:L1:LINE|66|-","chr3",120451396,120457470,"L1PA5:L1:LINE",-0.925221949389994,"L1PA5","L1PA5:ZNF626","chr3",120456853,120457067,"MACS_peak_4954",1145.76,"+"
"ZNF626","chr8|70755535|70761658|L1PA5:L1:LINE|67|+","chr8",70755535,70761658,"L1PA5:L1:LINE",-0.946809389771217,"L1PA5","L1PA5:ZNF626","chr8",70755980,70756172,"MACS_peak_7353",1319.82,"+"
"ZNF211","chr5|150113668|150118473|L1PB1:L1:LINE|103|+","chr5",150113668,150118473,"L1PB1:L1:LINE",0.990547922643079,"L1PB1","L1PB1:ZNF211","chr5",150115943,150116125,"MACS_peak_10113",799.86,"+"
"ZNF182","chrX|106307778|106309762|L1M4b:L1:LINE|208|-","chrX",106307778,106309762,"L1M4b:L1:LINE",-0.89973361240355,"L1M4b","L1M4b:ZNF182","chrX",106309219,106309476,"MACS_peak_13969",276.45,"+"
"ZFP69B","chr5|150113668|150118473|L1PB1:L1:LINE|103|+","chr5",150113668,150118473,"L1PB1:L1:LINE",-0.902524975945276,"L1PB1","L1PB1:ZFP69B","chr5",150115943,150116125,"MACS_peak_10113",799.86,"+"
"ZNF182","chrX|70520284|70520369|AluSg7:Alu:SINE|82|-","chrX",70520284,70520369,"AluSg7:Alu:SINE",0.914033524269689,"AluSg7","AluSg7:ZNF182","chrX",70520215,70520380,"MACS_peak_41702",693.64,"+"
"ZNF441","chr1|109758321|109758625|AluSx:Alu:SINE|124|-","chr1",109758321,109758625,"AluSx:Alu:SINE",0.884748374782152,"AluSx","AluSx:ZNF441","chr1",109758227,109758451,"MACS_peak_2004",144.79,"+"
"ZNF441","chr10|27443491|27443668|AluSx1:Alu:SINE|79|-","chr10",27443491,27443668,"AluSx1:Alu:SINE",0.973658726876601,"AluSx1","AluSx1:ZNF441","chr10",27443367,27443624,"MACS_peak_4518",728.73,"+"
"ZNF441","chr18|21714228|21714538|AluY:Alu:SINE|68|-","chr18",21714228,21714538,"AluY:Alu:SINE",0.916664244812249,"AluY","AluY:ZNF441","chr18",21714190,21714495,"MACS_peak_17913",266.88,"+"
"ZNF441","chr19|58381038|58381326|AluSx:Alu:SINE|149|+","chr19",58381038,58381326,"AluSx:Alu:SINE",0.89592233535864,"AluSx","AluSx:ZNF441","chr19",58381078,58381177,"MACS_peak_20493",108.51,"+"
"ZNF441","chr22|39428592|39428919|AluSx1:Alu:SINE|104|-","chr22",39428592,39428919,"AluSx1:Alu:SINE",0.952812107223844,"AluSx1","AluSx1:ZNF441","chr22",39428549,39428724,"MACS_peak_25785",261.02,"+"
"ZNF441","chr22|39448993|39449298|AluSx1:Alu:SINE|85|-","chr22",39448993,39449298,"AluSx1:Alu:SINE",0.949833722745731,"AluSx1","AluSx1:ZNF441","chr22",39448962,39449131,"MACS_peak_25787",255.68,"+"
"ZNF441","chr3|178741498|178741807|AluY:Alu:SINE|36|-","chr3",178741498,178741807,"AluY:Alu:SINE",0.938986968044948,"AluY","AluY:ZNF441","chr3",178741417,178741782,"MACS_peak_28365",159.81,"+"
"ZNF530","chr4|173909149|173910624|MSTA-int:ERVL-MaLR:LTR|170|+","chr4",173909149,173910624,"MSTA-int:ERVL-MaLR:LTR",-0.898001340659686,"MSTA-int","MSTA-int:ZNF530","chr4",173910088,173910315,"MACS_peak_7059",123.64,"+"
"ZNF765","chr4|173909149|173910624|MSTA-int:ERVL-MaLR:LTR|170|+","chr4",173909149,173910624,"MSTA-int:ERVL-MaLR:LTR",0.907884365809726,"MSTA-int","MSTA-int:ZNF765","chr4",173910088,173910315,"MACS_peak_7059",123.64,"+"
"ZNF124","chr4|173909149|173910624|MSTA-int:ERVL-MaLR:LTR|170|+","chr4",173909149,173910624,"MSTA-int:ERVL-MaLR:LTR",0.977208753268984,"MSTA-int","MSTA-int:ZNF124","chr4",173910088,173910315,"MACS_peak_7059",123.64,"+"
"ZNF550","chr4|173909149|173910624|MSTA-int:ERVL-MaLR:LTR|170|+","chr4",173909149,173910624,"MSTA-int:ERVL-MaLR:LTR",0.906026683091891,"MSTA-int","MSTA-int:ZNF550","chr4",173910088,173910315,"MACS_peak_7059",123.64,"+"
"ZNF182","chr2|202032684|202032996|AluY:Alu:SINE|89|+","chr2",202032684,202032996,"AluY:Alu:SINE",0.940706827538771,"AluY","AluY:ZNF182","chr2",202032734,202032930,"MACS_peak_29684",337.06,"+"
"ZNF382","chr9|136196668|136196903|L1M5:L1:LINE|319|-","chr9",136196668,136196903,"L1M5:L1:LINE",-0.87587709574426,"L1M5","L1M5:ZNF382","chr9",136196487,136196747,"MACS_peak_51931",458.8,"+"
"ZNF558","chr6|30254753|30256443|L1PREC2:L1:LINE|97|-","chr6",30254753,30256443,"L1PREC2:L1:LINE",-0.919655944642202,"L1PREC2","L1PREC2:ZNF558","chr6",30255575,30255735,"MACS_peak_12460",85.86,"+"
"ZNF786","chr2|70506025|70506235|AluJb:Alu:SINE|129|+","chr2",70506025,70506235,"AluJb:Alu:SINE",-0.913890213460899,"AluJb","AluJb:ZNF786","chr2",70506145,70506255,"MACS_peak_7856",243.17,"+"
"ZNF441","chr11|63996160|63996464|AluSx:Alu:SINE|79|+","chr11",63996160,63996464,"AluSx:Alu:SINE",0.955899398576708,"AluSx","AluSx:ZNF441","chr11",63995996,63996258,"MACS_peak_4944",101.82,"+"
"ZNF441","chr6|33268461|33268760|AluY:Alu:SINE|47|+","chr6",33268461,33268760,"AluY:Alu:SINE",-0.946555998636637,"AluY","AluY:ZNF441","chr6",33268136,33268510,"MACS_peak_23082",516.02,"+"
"ZNF441","chr7|102090288|102090582|AluSz:Alu:SINE|85|+","chr7",102090288,102090582,"AluSz:Alu:SINE",0.901560460644181,"AluSz","AluSz:ZNF441","chr7",102090302,102090446,"MACS_peak_25325",105.5,"+"
"ZNF85","chr12|108099149|108101709|L1PA5:L1:LINE|41|-","chr12",108099149,108101709,"L1PA5:L1:LINE",0.910233452112443,"L1PA5","L1PA5:ZNF85","chr12",108099947,108100222,"MACS_peak_5599",150.42,"+"
"ZNF85","chr2|160678247|160684629|L1PA7:L1:LINE|89|+","chr2",160678247,160684629,"L1PA7:L1:LINE",0.933566495955583,"L1PA7","L1PA7:ZNF85","chr2",160683680,160683943,"MACS_peak_11180",226.31,"+"
"ZNF85","chr2|24318027|24324128|L1PA6:L1:LINE|63|+","chr2",24318027,24324128,"L1PA6:L1:LINE",0.940103508996108,"L1PA6","L1PA6:ZNF85","chr2",24323203,24323410,"MACS_peak_10069",146.84,"+"
"ZNF85","chr4|151192064|151198580|L1PA7:L1:LINE|84|+","chr4",151192064,151198580,"L1PA7:L1:LINE",0.898622558696678,"L1PA7","L1PA7:ZNF85","chr4",151197689,151197861,"MACS_peak_15921",180.88,"+"
"ZNF85","chr4|38779131|38780089|L1PA7:L1:LINE|58|+","chr4",38779131,38780089,"L1PA7:L1:LINE",0.927322672412217,"L1PA7","L1PA7:ZNF85","chr4",38779185,38779355,"MACS_peak_14724",159.09,"+"
"ZNF85","chr5|44824607|44826575|L1PA4:L1:LINE|42|-","chr5",44824607,44826575,"L1PA4:L1:LINE",0.920531867019523,"L1PA4","L1PA4:ZNF85","chr5",44825270,44825533,"MACS_peak_16557",169.52,"+"
"ZNF85","chrX|52958238|52959948|L1PA7:L1:LINE|73|+","chrX",52958238,52959948,"L1PA7:L1:LINE",0.920963706487516,"L1PA7","L1PA7:ZNF85","chrX",52958991,52959205,"MACS_peak_23899",187.78,"+"
"ZNF141","chr2|160678247|160684629|L1PA7:L1:LINE|89|+","chr2",160678247,160684629,"L1PA7:L1:LINE",-0.930955789948938,"L1PA7","L1PA7:ZNF141","chr2",160683680,160683943,"MACS_peak_11180",226.31,"+"
"ZNF141","chr5|44824607|44826575|L1PA4:L1:LINE|42|-","chr5",44824607,44826575,"L1PA4:L1:LINE",-0.900448590523753,"L1PA4","L1PA4:ZNF141","chr5",44825270,44825533,"MACS_peak_16557",169.52,"+"
"ZNF141","chrX|52958238|52959948|L1PA7:L1:LINE|73|+","chrX",52958238,52959948,"L1PA7:L1:LINE",-0.892134137435324,"L1PA7","L1PA7:ZNF141","chrX",52958991,52959205,"MACS_peak_23899",187.78,"+"
"ZNF182","chr12|96709720|96715749|L1PA2:L1:LINE|13|+","chr12",96709720,96715749,"L1PA2:L1:LINE",-0.903777763766672,"L1PA2","L1PA2:ZNF182","chr12",96714789,96714998,"MACS_peak_5499",234.08,"+"
"ZNF222","chr2|29017734|29020646|L1PA16:L1:LINE|112|-","chr2",29017734,29020646,"L1PA16:L1:LINE",0.984849268182723,"L1PA16","L1PA16:ZNF222","chr2",29018388,29018561,"MACS_peak_10108",2141.2,"+"
"ZNF382","chr5|44824607|44826575|L1PA4:L1:LINE|42|-","chr5",44824607,44826575,"L1PA4:L1:LINE",-0.932132853901024,"L1PA4","L1PA4:ZNF382","chr5",44825270,44825533,"MACS_peak_16557",169.52,"+"
"ZNF382","chrX|52958238|52959948|L1PA7:L1:LINE|73|+","chrX",52958238,52959948,"L1PA7:L1:LINE",-0.930800610058651,"L1PA7","L1PA7:ZNF382","chrX",52958991,52959205,"MACS_peak_23899",187.78,"+"
"ZNF558","chr6|30254753|30256443|L1PREC2:L1:LINE|97|-","chr6",30254753,30256443,"L1PREC2:L1:LINE",-0.919655944642202,"L1PREC2","L1PREC2:ZNF558","chr6",30255044,30255235,"MACS_peak_18232",1031.92,"+"
"ZNF354A","chr2|24318027|24324128|L1PA6:L1:LINE|63|+","chr2",24318027,24324128,"L1PA6:L1:LINE",0.881016663744863,"L1PA6","L1PA6:ZNF354A","chr2",24323203,24323410,"MACS_peak_10069",146.84,"+"
"ZNF93","chr12|27188372|27190492|L1PA3:L1:LINE|36|-","chr12",27188372,27190492,"L1PA3:L1:LINE",0.886744392363953,"L1PA3","L1PA3:ZNF93","chr12",27189074,27189288,"MACS_peak_4813",170.09,"+"
"ZNF93","chr2|160678247|160684629|L1PA7:L1:LINE|89|+","chr2",160678247,160684629,"L1PA7:L1:LINE",0.970688546421778,"L1PA7","L1PA7:ZNF93","chr2",160683680,160683943,"MACS_peak_11180",226.31,"+"
"ZNF93","chr2|65118160|65124209|L1PA5:L1:LINE|64|+","chr2",65118160,65124209,"L1PA5:L1:LINE",0.914879604568469,"L1PA5","L1PA5:ZNF93","chr2",65123237,65123496,"MACS_peak_10392",205.76,"+"
"ZNF93","chr4|38779131|38780089|L1PA7:L1:LINE|58|+","chr4",38779131,38780089,"L1PA7:L1:LINE",0.878120337417555,"L1PA7","L1PA7:ZNF93","chr4",38779185,38779355,"MACS_peak_14724",159.09,"+"
"ZNF93","chr5|44824607|44826575|L1PA4:L1:LINE|42|-","chr5",44824607,44826575,"L1PA4:L1:LINE",0.920383105344698,"L1PA4","L1PA4:ZNF93","chr5",44825270,44825533,"MACS_peak_16557",169.52,"+"
"ZNF93","chr9|94976690|94982694|L1PA2:L1:LINE|24|+","chr9",94976690,94982694,"L1PA2:L1:LINE",-0.885045486712947,"L1PA2","L1PA2:ZNF93","chr9",94981826,94981979,"MACS_peak_23099",318.53,"+"
"ZNF93","chrX|52958238|52959948|L1PA7:L1:LINE|73|+","chrX",52958238,52959948,"L1PA7:L1:LINE",0.917439468187586,"L1PA7","L1PA7:ZNF93","chrX",52958991,52959205,"MACS_peak_23899",187.78,"+"
"ZNF17","chr1|11143680|11146601|L1PA3:L1:LINE|28|-","chr1",11143680,11146601,"L1PA3:L1:LINE",0.879924358595133,"L1PA3","L1PA3:ZNF17","chr1",11144421,11144564,"MACS_peak_40",250.18,"+"
"ZNF17","chr4|151192064|151198580|L1PA7:L1:LINE|84|+","chr4",151192064,151198580,"L1PA7:L1:LINE",0.905593759131795,"L1PA7","L1PA7:ZNF17","chr4",151197689,151197861,"MACS_peak_15921",180.88,"+"
"ZNF626","chr12|108099149|108101709|L1PA5:L1:LINE|41|-","chr12",108099149,108101709,"L1PA5:L1:LINE",-0.904641918068051,"L1PA5","L1PA5:ZNF626","chr12",108099947,108100222,"MACS_peak_5599",150.42,"+"
"ZNF626","chr2|160678247|160684629|L1PA7:L1:LINE|89|+","chr2",160678247,160684629,"L1PA7:L1:LINE",-0.926924388598394,"L1PA7","L1PA7:ZNF626","chr2",160683680,160683943,"MACS_peak_11180",226.31,"+"
"ZNF626","chrX|52958238|52959948|L1PA7:L1:LINE|73|+","chrX",52958238,52959948,"L1PA7:L1:LINE",-0.937727008655399,"L1PA7","L1PA7:ZNF626","chrX",52958991,52959205,"MACS_peak_23899",187.78,"+"
"ZNF765","chr12|108099149|108101709|L1PA5:L1:LINE|41|-","chr12",108099149,108101709,"L1PA5:L1:LINE",0.963264964562854,"L1PA5","L1PA5:ZNF765","chr12",108099947,108100222,"MACS_peak_5599",150.42,"+"
"ZNF765","chr2|24318027|24324128|L1PA6:L1:LINE|63|+","chr2",24318027,24324128,"L1PA6:L1:LINE",0.948698602920326,"L1PA6","L1PA6:ZNF765","chr2",24323203,24323410,"MACS_peak_10069",146.84,"+"
"ZNF765","chr5|44824607|44826575|L1PA4:L1:LINE|42|-","chr5",44824607,44826575,"L1PA4:L1:LINE",0.898269893118881,"L1PA4","L1PA4:ZNF765","chr5",44825270,44825533,"MACS_peak_16557",169.52,"+"
"ZNF84","chrX|52958238|52959948|L1PA7:L1:LINE|73|+","chrX",52958238,52959948,"L1PA7:L1:LINE",-0.892340480530834,"L1PA7","L1PA7:ZNF84","chrX",52958991,52959205,"MACS_peak_23899",187.78,"+"
"ZNF425","chr2|160678247|160684629|L1PA7:L1:LINE|89|+","chr2",160678247,160684629,"L1PA7:L1:LINE",-0.902757147961937,"L1PA7","L1PA7:ZNF425","chr2",160683680,160683943,"MACS_peak_11180",226.31,"+"
"ZNF425","chr5|44824607|44826575|L1PA4:L1:LINE|42|-","chr5",44824607,44826575,"L1PA4:L1:LINE",-0.92881242812951,"L1PA4","L1PA4:ZNF425","chr5",44825270,44825533,"MACS_peak_16557",169.52,"+"
"ZNF425","chrX|52958238|52959948|L1PA7:L1:LINE|73|+","chrX",52958238,52959948,"L1PA7:L1:LINE",-0.929183797308991,"L1PA7","L1PA7:ZNF425","chrX",52958991,52959205,"MACS_peak_23899",187.78,"+"
"ZNF182","chr16|75479221|75479494|AluJb:Alu:SINE|158|-","chr16",75479221,75479494,"AluJb:Alu:SINE",-0.915677350231461,"AluJb","AluJb:ZNF182","chr16",75479269,75479568,"MACS_peak_8019",215.01,"+"
"ZNF135","chr16|75479221|75479494|AluJb:Alu:SINE|158|-","chr16",75479221,75479494,"AluJb:Alu:SINE",0.894641848806434,"AluJb","AluJb:ZNF135","chr16",75479269,75479568,"MACS_peak_8019",215.01,"+"
"ZNF135","chr19|10397055|10397255|AluJr:Alu:SINE|160|-","chr19",10397055,10397255,"AluJr:Alu:SINE",0.883929750231131,"AluJr","AluJr:ZNF135","chr19",10396969,10397613,"MACS_peak_10487",207.03,"+"
"ZNF441","chr1|45266873|45267179|AluSg:Alu:SINE|78|-","chr1",45266873,45267179,"AluSg:Alu:SINE",0.923072038446409,"AluSg","AluSg:ZNF441","chr1",45267127,45267442,"MACS_peak_712",155.57,"+"
"ZNF441","chr10|27443491|27443668|AluSx1:Alu:SINE|79|-","chr10",27443491,27443668,"AluSx1:Alu:SINE",0.973658726876601,"AluSx1","AluSx1:ZNF441","chr10",27443157,27443629,"MACS_peak_2502",157.72,"+"
"ZNF222","chr2|29017734|29020646|L1PA16:L1:LINE|112|-","chr2",29017734,29020646,"L1PA16:L1:LINE",0.984849268182723,"L1PA16","L1PA16:ZNF222","chr2",29020056,29020406,"MACS_peak_9330",137.68,"+"
"ZNF441","chr9|139695877|139696176|AluSz:Alu:SINE|130|+","chr9",139695877,139696176,"AluSz:Alu:SINE",0.899070269688304,"AluSz","AluSz:ZNF441","chr9",139695555,139695921,"MACS_peak_18109",82.72,"+"
"ZNF182","chr20|34634932|34635221|AluSc:Alu:SINE|90|-","chr20",34634932,34635221,"AluSc:Alu:SINE",0.94306317205161,"AluSc","AluSc:ZNF182","chr20",34634909,34635072,"MACS_peak_24979",192.94,"+"
"ZNF182","chr4|95586352|95586657|AluSc:Alu:SINE|95|+","chr4",95586352,95586657,"AluSc:Alu:SINE",0.874553872881428,"AluSc","AluSc:ZNF182","chr4",95586501,95586696,"MACS_peak_30181",149.78,"+"
"ZNF135","chr19|10397055|10397255|AluJr:Alu:SINE|160|-","chr19",10397055,10397255,"AluJr:Alu:SINE",0.883929750231131,"AluJr","AluJr:ZNF135","chr19",10397047,10397192,"MACS_peak_19822",176.85,"+"
"ZNF441","chr17|8282610|8282898|AluSx:Alu:SINE|125|+","chr17",8282610,8282898,"AluSx:Alu:SINE",0.950575405691454,"AluSx","AluSx:ZNF441","chr17",8282544,8282668,"MACS_peak_16279",119.42,"+"
"ZNF441","chr22|50958294|50958598|AluY:Alu:SINE|82|-","chr22",50958294,50958598,"AluY:Alu:SINE",0.920184478434064,"AluY","AluY:ZNF441","chr22",50958259,50958422,"MACS_peak_27055",165.03,"+"
"ZNF441","chr4|95586352|95586657|AluSc:Alu:SINE|95|+","chr4",95586352,95586657,"AluSc:Alu:SINE",0.922175995940202,"AluSc","AluSc:ZNF441","chr4",95586501,95586696,"MACS_peak_30181",149.78,"+"
"ZNF441","chr9|139695877|139696176|AluSz:Alu:SINE|130|+","chr9",139695877,139696176,"AluSz:Alu:SINE",0.899070269688304,"AluSz","AluSz:ZNF441","chr9",139696113,139696342,"MACS_peak_41652",91.62,"+"
"ZNF786","chr5|138616711|138617024|AluJb:Alu:SINE|166|-","chr5",138616711,138617024,"AluJb:Alu:SINE",-0.91679404971195,"AluJb","AluJb:ZNF786","chr5",138616890,138616974,"MACS_peak_32486",220.63,"+"
"ZNF627","chr6|49456424|49458836|Tigger1:TcMar-Tigger:DNA|139|-","chr6",49456424,49458836,"Tigger1:TcMar-Tigger:DNA",0.928547914157151,"Tigger1","Tigger1:ZNF627","chr6",49457510,49457832,"MACS_peak_1821",143.96,"+"
"ZNF85","chr2|24318027|24324128|L1PA6:L1:LINE|63|+","chr2",24318027,24324128,"L1PA6:L1:LINE",0.940103508996108,"L1PA6","L1PA6:ZNF85","chr2",24322184,24322357,"MACS_peak_8747",125.6,"+"
"ZNF182","chr12|96709720|96715749|L1PA2:L1:LINE|13|+","chr12",96709720,96715749,"L1PA2:L1:LINE",-0.903777763766672,"L1PA2","L1PA2:ZNF182","chr12",96713579,96713860,"MACS_peak_4499",91.63,"+"
"ZNF354A","chr2|24318027|24324128|L1PA6:L1:LINE|63|+","chr2",24318027,24324128,"L1PA6:L1:LINE",0.881016663744863,"L1PA6","L1PA6:ZNF354A","chr2",24322184,24322357,"MACS_peak_8747",125.6,"+"
"ZNF17","chr1|11143680|11146601|L1PA3:L1:LINE|28|-","chr1",11143680,11146601,"L1PA3:L1:LINE",0.879924358595133,"L1PA3","L1PA3:ZNF17","chr1",11145601,11145790,"MACS_peak_68",122.31,"+"
"ZNF765","chr2|24318027|24324128|L1PA6:L1:LINE|63|+","chr2",24318027,24324128,"L1PA6:L1:LINE",0.948698602920326,"L1PA6","L1PA6:ZNF765","chr2",24322184,24322357,"MACS_peak_8747",125.6,"+"
